make;model;body;transmission;color;condition;price
1;1;1;1;1;5;21500
1;1;1;1;1;5;21500
2;2;2;1;2;5;30000
3;3;2;1;1;4;27750
4;5;2;1;2;1;10900
5;7;2;1;3;2;9800
6;8;2;1;1;4;32250
5;9;3;1;4;3;17500
1;11;2;1;4;5;17700
7;12;2;1;1;2;12000
1;1;1;1;2;5;21500
4;5;2;1;3;2;14100
5;9;4;1;3;2;17000
5;15;2;1;2;2;7200
2;16;2;1;3;3;30000
6;17;2;1;2;5;23750
3;18;5;1;6;4;32500
3;18;5;1;7;5;32500
5;9;4;1;2;4;19500
5;7;2;1;2;4;11500
1;1;1;1;4;5;20750
1;1;1;1;2;4;21000
2;2;2;1;3;5;30500
2;2;2;1;1;5;27500
3;23;5;1;1;4;30000
3;23;5;1;3;4;30000
5;7;2;1;5;3;13000
9;25;2;1;2;3;21250
1;1;1;1;5;5;20750
3;23;5;1;5;4;30000
4;5;2;1;3;1;11500
1;1;1;1;5;5;20500
5;27;2;1;5;1;9800
1;1;1;1;1;5;19300
6;17;2;1;1;2;17300
4;29;2;2;12;4;11000
5;9;4;1;3;3;20600
11;30;2;1;5;1;10500
1;1;1;1;1;5;21250
5;9;4;1;2;4;19600
6;17;2;1;2;5;25750
4;31;6;1;4;2;9000
2;33;1;1;1;5;26500
5;9;4;1;4;1;13600
3;23;5;1;5;4;28000
5;9;4;1;3;3;13000
1;1;1;1;5;4;22250
1;1;1;1;1;5;22500
12;34;1;1;2;1;24100
6;35;4;1;5;3;34250
11;30;2;1;4;2;10600
1;1;1;1;5;5;21500
5;7;2;1;3;4;13700
5;7;2;1;8;4;13200
1;1;1;1;2;5;20500
11;30;2;1;5;4;13200
7;12;2;1;1;1;12000
5;7;2;1;5;2;10000
5;38;7;1;3;4;30250
5;7;2;1;5;4;13600
1;1;1;1;12;5;21000
5;7;2;1;4;1;3300
3;23;5;1;1;4;30000
5;9;4;2;1;4;18500
4;5;2;1;2;1;9500
11;30;2;1;8;1;5800
1;1;1;1;1;5;21750
8;39;1;1;1;4;30000
11;30;2;1;5;2;9000
5;38;7;1;1;4;30000
1;1;1;1;12;5;20500
1;1;1;1;12;5;20750
9;25;2;1;5;4;20400
1;1;1;1;2;5;20750
3;23;5;1;1;4;30000
5;7;2;1;2;4;12800
13;41;8;1;1;5;25000
13;42;9;1;3;5;27250
13;42;9;1;1;5;22500
13;41;8;1;3;5;26750
13;41;8;1;3;5;26500
13;42;9;1;8;4;23750
13;42;9;1;1;4;24500
13;43;1;1;3;4;32000
13;42;9;1;8;4;21750
11;44;1;1;1;5;27000
11;45;2;1;2;5;27400
11;46;2;1;2;4;25000
13;42;9;1;13;4;24250
11;30;2;1;4;3;10700
11;44;1;1;1;5;30800
11;30;2;1;5;4;11000
13;41;8;1;2;4;26250
11;30;2;1;5;2;8800
13;42;9;1;1;4;23250
13;41;8;1;1;5;27000
11;47;2;1;5;4;11500
11;30;2;2;1;5;12300
11;47;2;1;8;4;11400
11;30;2;1;3;5;11750
11;48;2;1;5;2;16500
13;42;9;1;3;5;23500
11;48;2;1;1;5;18800
11;44;1;1;2;5;19200
13;42;9;1;2;4;22750
13;42;9;1;2;4;23000
13;42;9;1;5;4;21000
13;42;9;1;1;5;24750
13;41;8;1;13;4;26500
13;42;9;1;3;4;23000
11;47;2;1;2;4;13400
11;44;1;1;3;4;26000
11;47;2;1;2;4;11900
11;47;2;1;3;4;16200
11;30;2;1;2;4;11700
11;48;2;1;3;5;17700
11;30;2;1;11;2;6700
13;42;9;1;1;4;25250
13;42;9;1;1;3;21000
13;42;9;1;1;4;23000
13;42;9;1;3;4;22750
13;42;9;1;3;5;22000
13;42;9;1;2;5;21250
11;30;2;1;1;5;11000
11;44;1;1;3;5;24100
13;42;9;1;1;4;25000
13;42;9;1;2;4;24500
11;47;2;1;1;4;18100
13;42;9;1;3;4;22000
11;49;2;1;3;2;8100
13;42;9;1;2;4;23000
11;50;6;1;1;4;16100
13;41;8;1;2;4;25500
11;51;11;1;3;4;16100
13;41;8;1;1;4;26000
13;42;9;1;3;5;25000
13;42;9;1;8;4;23500
13;42;9;1;2;5;24750
13;42;9;1;13;4;21750
13;42;9;1;1;4;20250
11;47;2;1;1;1;6500
13;42;9;1;8;4;22750
13;42;9;1;1;5;23500
13;42;9;1;2;2;18750
11;47;2;1;5;4;13200
13;42;9;1;1;3;20750
11;48;2;1;5;5;18500
11;49;6;1;3;5;11300
11;30;2;1;7;4;11800
13;42;9;1;1;4;24500
13;43;1;1;2;4;27250
11;30;2;1;2;1;8800
13;42;9;1;1;4;23500
13;42;9;1;2;4;24500
11;49;2;1;2;4;9400
11;52;2;1;5;5;20300
11;44;1;1;3;5;25800
11;30;2;1;2;1;7600
11;48;2;1;1;4;14800
13;42;9;1;2;2;18250
11;30;2;1;2;2;8700
13;41;8;1;3;4;21500
13;41;8;1;3;3;22500
13;42;9;1;8;4;20500
13;42;9;1;2;4;21000
11;53;1;1;4;4;17500
13;42;9;1;2;4;23750
13;42;9;1;2;2;21000
11;47;2;1;1;4;12700
11;30;2;1;3;5;16500
11;52;2;1;3;5;21400
13;42;9;1;2;5;25750
13;42;9;1;1;4;25000
13;42;9;1;6;4;22000
11;48;2;1;1;4;18200
13;42;9;1;2;3;18000
11;52;2;1;5;4;22200
13;41;8;1;1;4;26250
11;47;2;1;8;3;11900
13;42;9;1;1;5;23000
11;45;2;1;1;4;27500
11;46;2;1;1;4;25000
13;42;9;1;1;5;26500
11;47;2;1;8;4;12200
11;30;2;1;2;2;8700
11;30;2;1;4;5;10800
13;42;9;1;2;4;21750
13;42;9;1;2;3;23500
13;42;9;1;2;4;22000
13;42;9;1;1;4;23500
11;50;6;1;3;4;16300
13;42;9;1;2;4;22750
13;42;9;1;5;4;24500
11;48;2;1;5;4;14900
13;42;9;1;3;4;21000
13;42;9;1;3;5;24750
11;47;2;1;2;2;8400
13;41;8;1;2;4;23500
13;42;9;1;1;4;21000
11;30;2;1;4;1;9400
13;41;8;1;1;4;26000
11;52;2;1;3;4;21400
11;48;2;1;4;4;17100
13;42;9;1;2;5;22250
11;49;2;1;1;2;7800
13;42;9;1;2;3;21000
11;49;6;1;2;5;11900
11;30;2;1;2;4;11600
13;42;9;1;1;4;23000
11;47;2;1;5;3;9750
11;47;2;1;1;4;12000
13;41;8;1;2;5;26500
13;42;9;1;1;5;25250
13;42;9;1;2;4;24000
11;47;2;1;2;4;17200
13;41;8;1;2;4;25000
11;45;2;1;5;5;22200
11;44;1;1;2;5;21400
11;47;2;1;3;4;12100
11;30;2;1;3;2;11500
13;42;9;1;8;4;23250
11;45;2;1;1;3;22500
11;30;2;1;2;4;11800
11;30;2;1;2;4;12600
13;41;8;1;3;4;25500
13;42;9;1;5;4;21500
11;44;1;1;2;5;25500
11;51;11;1;8;1;2500
13;42;9;1;8;4;24750
11;30;2;1;2;5;11300
11;30;2;1;5;5;11500
13;42;9;1;3;4;24500
13;42;9;1;13;4;24500
11;49;6;1;5;5;11400
13;42;9;1;1;4;21250
13;42;9;1;3;5;26250
13;42;9;1;5;5;25000
13;42;9;1;3;5;24500
11;48;2;1;1;5;16100
11;47;2;1;5;4;13700
13;42;9;1;3;4;26000
13;42;9;1;3;4;21500
13;42;9;1;2;4;24000
13;42;9;1;1;5;23500
11;30;2;1;4;3;13800
13;42;9;1;1;4;22000
11;50;6;1;9;5;11300
11;30;2;1;2;2;9400
11;47;2;1;1;4;13400
11;47;2;1;4;2;10700
11;44;1;1;8;5;22200
13;42;9;1;3;4;21750
11;54;12;1;4;5;23000
11;48;2;1;3;5;18400
11;44;1;1;10;4;17400
11;45;2;1;5;4;27200
13;42;9;1;1;5;24750
11;47;2;1;5;4;12300
11;47;2;1;3;4;11700
11;49;6;2;10;5;9500
13;42;9;1;3;4;24500
13;42;9;1;2;4;21500
13;42;9;1;8;4;24250
13;42;9;1;2;5;21750
11;53;1;1;1;4;17500
11;48;2;1;5;5;19900
13;42;9;1;1;4;20500
11;30;2;1;2;4;11700
11;30;2;1;3;4;12600
13;42;9;1;3;4;21500
11;48;2;1;3;5;18600
13;41;8;1;13;4;26500
13;42;9;1;3;4;24000
13;42;9;1;1;4;26000
13;42;9;1;8;4;24000
13;42;9;1;8;4;23000
11;30;2;1;1;4;15900
13;41;8;1;2;4;24250
13;41;8;1;2;4;25000
13;42;9;1;1;4;24750
11;45;2;1;3;4;12500
13;42;9;1;3;4;25000
11;47;2;1;1;3;12300
13;42;9;1;1;5;25750
11;47;2;1;8;3;12400
13;42;9;1;2;4;25750
11;47;2;1;8;3;10100
11;44;1;1;5;5;20800
11;49;2;1;11;2;6700
13;42;9;1;2;4;24000
11;47;2;1;13;4;12400
13;42;9;1;2;4;24750
11;30;2;1;5;4;11300
13;41;8;1;2;5;26500
13;42;9;1;2;4;22000
13;42;9;1;2;4;22000
13;41;8;1;1;4;23250
13;42;9;1;1;4;24250
11;30;2;1;6;1;5200
13;42;9;1;13;5;24750
11;47;2;1;8;5;16900
11;30;2;1;2;1;7700
11;47;2;1;1;4;12900
14;55;1;2;4;5;35250
1;11;2;1;1;4;16800
4;5;2;1;4;4;13800
4;5;2;1;3;3;11900
10;57;2;1;1;4;32100
16;58;1;1;5;4;15000
1;11;2;1;3;5;16500
15;59;4;1;13;4;25750
1;11;2;1;3;4;21250
4;5;2;1;3;2;12100
4;5;2;1;5;4;13000
13;42;9;1;2;4;22250
4;5;2;1;5;4;13600
14;55;1;1;3;3;27000
17;60;6;1;3;2;9100
4;5;2;1;4;4;13600
1;61;2;1;5;3;8900
15;59;2;1;1;5;25000
1;11;2;1;3;2;11700
4;5;2;1;3;4;12200
17;60;6;1;4;4;8500
13;62;2;1;13;5;33500
1;11;2;1;3;4;16100
4;63;3;1;5;4;28750
1;1;1;1;5;4;12750
1;61;2;1;3;4;9800
1;64;5;2;5;1;6900
16;65;1;1;8;3;14000
15;59;2;1;3;3;21000
10;67;2;1;2;4;27750
15;68;2;1;3;3;31750
17;70;2;1;2;4;10600
18;69;6;1;10;4;13600
18;69;6;1;8;3;15000
17;71;1;1;4;4;20500
13;42;9;1;2;4;20250
4;5;4;1;3;1;8000
1;72;2;1;3;4;9200
17;71;1;1;2;4;20000
1;1;1;1;12;5;21500
4;5;2;1;4;4;13500
4;5;2;1;12;3;13500
4;5;2;1;5;4;13500
14;73;1;1;1;4;13900
4;63;4;1;3;4;21500
4;5;4;1;2;4;15500
17;70;2;1;3;3;9600
13;74;1;1;2;4;32250
13;42;9;1;2;4;26000
13;42;9;1;1;4;23000
1;11;2;1;3;4;22200
4;5;2;1;1;4;13400
1;61;6;2;4;5;14200
4;5;2;1;3;4;13500
4;5;2;1;1;4;13100
1;11;2;1;12;2;10600
17;76;11;1;4;4;12400
1;61;6;1;4;2;6300
4;5;2;1;1;5;14000
13;42;9;1;2;4;23000
17;70;2;1;3;2;10000
13;41;8;1;2;4;27000
13;62;2;1;1;4;34500
1;72;2;1;2;3;8800
17;71;1;1;2;3;19900
4;5;4;1;2;4;13300
1;11;2;1;1;5;16500
18;69;6;1;10;4;13700
17;76;11;1;2;3;12200
10;57;2;1;7;3;33000
1;61;2;1;3;2;3850
4;5;2;1;2;4;13200
13;42;9;1;3;4;22250
1;61;2;2;1;2;5500
1;61;2;1;1;3;7500
14;73;1;1;4;3;13000
16;58;1;1;2;4;14700
13;42;9;2;2;4;26250
15;59;4;1;2;4;26000
13;41;8;1;13;4;23500
1;11;2;1;2;4;15700
16;58;1;1;5;4;14800
15;79;1;1;2;3;25500
4;5;2;1;2;2;12700
14;55;1;1;3;4;25250
1;80;1;1;2;3;15200
4;5;2;1;1;4;12500
1;11;2;1;5;5;15300
14;81;1;1;3;4;26750
15;59;4;1;3;4;22750
1;11;2;1;1;4;16400
1;72;2;1;3;2;2700
1;11;2;1;1;4;16500
1;11;2;1;6;3;13300
13;42;9;1;2;4;21000
13;42;9;1;2;5;23000
20;82;1;1;12;4;24500
17;76;11;1;1;5;14000
13;42;9;2;3;4;28250
10;57;2;1;5;4;31900
21;170;2;1;3;4;26000
15;59;2;1;1;4;22250
1;11;2;1;1;4;14300
4;5;2;1;5;4;13500
4;5;2;1;2;4;13300
15;59;4;1;3;4;23750
1;11;2;1;1;4;16600
17;76;11;1;2;4;13100
1;80;1;1;8;5;15250
21;170;2;1;8;5;26000
1;61;6;1;3;4;12000
18;69;5;1;5;4;16500
13;42;9;1;3;4;20401
1;1;1;1;3;3;14000
4;5;4;1;4;3;13500
1;1;1;1;8;4;13500
4;5;4;1;1;4;13600
1;72;2;1;1;4;8500
1;11;2;1;5;4;13300
4;5;2;1;5;4;13300
14;55;1;1;3;4;25000
19;77;1;1;2;5;30500
17;71;1;1;3;5;19600
4;5;2;1;3;4;13400
13;42;9;1;3;3;19900
13;42;9;1;8;4;20250
13;62;2;1;5;4;33500
15;59;4;1;13;4;23500
17;70;2;1;8;4;11800
13;42;9;1;3;2;17250
1;11;2;1;1;4;19000
15;59;4;1;3;4;22500
4;5;2;1;3;4;12000
15;59;2;1;1;4;21750
17;76;11;1;2;4;13000
16;84;2;1;8;4;18900
13;41;8;2;3;4;28750
18;69;6;1;1;4;14000
17;76;11;1;3;4;15000
15;59;2;1;3;4;21750
1;11;2;1;2;4;23000
4;5;2;1;2;4;13500
13;62;2;1;5;4;30000
4;5;2;1;1;4;13750
1;72;2;1;2;4;10400
1;61;2;1;4;3;9500
13;42;9;1;13;3;20000
1;11;2;1;4;2;17000
10;67;2;1;2;4;29300
15;68;2;1;2;5;30750
15;68;4;1;1;5;32250
10;57;2;1;3;4;31000
13;62;2;1;3;5;33500
1;11;2;1;3;4;19900
16;58;1;1;6;4;14600
16;84;2;1;4;3;10100
13;42;9;1;13;3;18801
15;68;2;1;1;5;34750
13;42;9;1;3;4;21750
10;57;2;1;11;5;34500
18;69;6;1;4;4;12500
22;86;2;1;1;1;8000
4;5;2;1;13;4;14500
23;87;2;1;3;1;9200
3;88;1;1;1;4;22900
23;89;11;1;2;4;18000
4;90;6;1;2;4;14400
23;91;6;1;1;2;7800
4;173;13;1;1;1;14000
23;87;2;1;12;5;14100
22;177;2;1;3;3;17100
4;92;6;1;13;4;15250
3;88;1;1;8;4;20600
23;93;2;1;4;4;13500
23;93;2;1;3;5;22000
23;94;14;1;8;3;20500
22;95;2;1;1;4;11800
24;96;2;2;8;4;23750
4;5;2;1;3;4;20250
23;97;1;1;3;4;24200
24;96;2;2;8;3;21000
23;87;2;1;13;1;9500
22;98;6;1;1;4;11400
23;99;2;1;5;3;19500
25;100;4;1;4;2;10600
4;101;11;1;1;4;16000
4;5;2;1;13;4;14600
22;86;2;1;12;1;4900
4;102;1;1;2;2;11000
22;98;6;1;5;4;11800
22;95;2;1;2;4;15500
23;103;15;1;13;4;18500
4;5;2;1;7;4;14750
23;97;1;1;6;5;27000
4;5;2;1;13;4;17250
4;104;2;1;1;4;22500
22;86;2;1;5;4;13500
22;95;2;1;3;3;11400
4;5;2;1;3;3;12900
4;106;1;1;3;4;18300
4;29;2;1;8;4;9500
4;102;1;1;2;4;13400
4;107;2;1;4;4;12200
23;103;15;1;13;5;20250
22;86;2;1;3;4;13900
4;106;1;1;2;5;19200
23;108;6;1;5;4;14800
4;29;2;1;8;5;10300
3;109;2;1;3;5;25750
4;109;7;1;1;4;22750
4;107;2;1;3;4;14500
4;5;2;1;1;4;17000
4;107;2;1;3;4;12000
22;95;2;1;8;3;11500
23;93;2;1;3;3;21000
4;107;2;1;4;4;11100
23;87;2;1;8;3;10500
25;174;5;1;1;4;14500
23;97;1;1;12;4;26500
4;111;5;1;1;3;12200
23;94;16;1;13;5;18500
25;100;4;1;2;4;20250
22;95;5;1;8;4;12000
23;87;2;1;3;4;13000
4;107;2;1;2;4;12400
4;102;1;1;2;4;16250
22;98;6;1;1;3;12100
23;112;1;1;5;5;25900
23;113;1;1;3;4;34000
4;29;2;1;4;4;10000
3;3;2;1;1;4;20000
23;108;6;1;5;4;16200
24;114;2;1;4;1;9800
4;92;6;1;3;4;15000
4;115;1;1;3;3;19500
23;116;5;1;1;4;17600
22;95;2;1;3;4;11600
4;107;2;1;3;5;12250
4;111;5;1;8;4;12100
23;94;14;1;5;5;23700
22;98;6;1;3;4;11600
4;107;2;1;5;3;10800
4;117;1;1;3;3;19700
4;107;2;1;1;3;10500
23;87;2;1;2;4;11700
4;102;1;1;4;4;15800
4;107;2;1;4;4;10900
23;91;6;1;2;4;9900
4;102;1;1;1;5;18250
4;107;2;1;2;4;12000
22;98;6;1;2;4;27100
4;5;2;1;13;4;15500
22;86;2;1;5;3;13400
23;87;2;1;2;4;12400
4;109;17;1;1;2;9000
24;119;1;1;13;4;14000
22;98;6;1;2;4;11600
4;107;2;1;1;3;10500
23;116;5;1;1;4;17100
22;177;2;1;3;1;13100
23;108;6;1;1;4;14600
23;116;5;1;1;4;17500
23;120;1;1;1;3;28000
4;5;2;1;1;4;17750
4;29;2;1;2;4;11000
23;99;2;1;5;1;15500
4;5;2;1;13;4;17250
22;95;2;1;3;4;11700
4;5;2;1;5;4;16250
22;86;2;1;2;3;13300
22;86;2;1;13;1;11100
23;94;14;1;1;4;27000
4;106;1;1;1;5;18000
24;96;2;2;8;4;29000
4;111;5;1;5;4;12300
23;89;11;1;12;3;16600
4;104;2;1;2;1;1000
23;93;2;1;7;4;14900
4;29;2;2;2;4;9500
4;29;2;1;2;2;4000
4;107;2;1;1;3;10300
23;93;2;1;3;4;15700
25;100;4;2;2;4;18700
4;107;2;1;3;4;11400
4;5;2;1;1;4;15250
22;86;2;1;2;3;20200
4;107;2;1;1;4;10600
4;121;1;1;2;3;16700
4;107;2;1;2;4;10600
4;121;1;1;1;4;20500
23;93;2;1;2;4;17750
23;91;6;1;5;1;7300
23;87;2;1;2;3;11500
23;87;2;1;1;3;11500
4;107;2;1;5;4;10900
23;94;14;1;5;4;26750
4;29;2;1;2;4;10200
23;108;6;1;3;4;15800
23;94;14;1;6;3;21000
23;89;11;1;1;4;20400
22;98;6;1;1;3;11900
23;87;2;1;5;2;8200
4;107;2;1;3;3;10700
4;102;1;1;1;4;14900
3;3;2;1;1;4;19000
4;29;2;1;5;4;9200
4;121;1;1;1;4;18900
4;117;1;1;1;5;22500
22;86;2;1;5;4;12000
4;121;1;1;2;4;25250
23;93;2;1;5;2;11200
4;104;2;1;1;4;20000
9;122;2;1;3;4;17800
6;10;2;1;13;4;29000
2;16;2;1;3;5;30500
2;16;2;1;3;5;29250
2;123;2;1;3;5;25000
2;123;2;1;3;4;35250
2;2;3;1;8;3;25750
2;124;4;1;8;4;27500
9;165;2;1;2;4;20200
2;123;2;1;2;3;34750
2;2;3;1;8;4;25500
9;165;2;1;3;4;21600
2;16;2;1;2;5;31000
2;16;2;1;3;2;26500
6;177;2;1;3;3;35250
2;2;4;1;2;5;32000
2;16;2;1;2;5;34750
2;16;2;1;3;4;34750
2;16;2;1;1;4;29250
2;2;2;1;6;5;24750
2;16;2;1;8;4;33000
6;177;4;1;1;4;26500
2;16;2;1;2;4;29000
2;16;2;1;1;4;25750
9;165;2;1;5;4;20900
2;16;2;1;3;4;34750
2;2;4;1;2;5;33250
2;16;2;1;2;3;32750
2;124;3;1;8;4;22750
9;122;2;1;1;4;18900
2;2;3;1;2;5;31500
2;2;3;1;2;4;27500
9;122;2;1;4;5;18400
2;2;3;1;8;4;26750
2;2;3;1;5;4;27500
2;2;3;1;3;4;31500
9;165;2;1;3;4;20300
9;122;2;1;2;4;18200
2;124;4;2;8;3;18000
2;2;2;1;2;4;27250
2;2;4;1;3;5;22750
18;69;6;2;2;4;13750
6;177;4;1;1;4;27000
2;16;2;1;2;3;28000
2;16;2;1;3;4;28500
2;123;2;1;1;5;33000
2;2;4;2;2;4;33000
2;2;3;1;2;5;27500
2;16;2;1;1;4;32500
2;2;2;1;3;4;23500
2;124;3;1;1;5;25000
2;2;4;2;3;5;34750
9;122;2;1;3;4;17900
9;165;2;1;3;5;20500
2;16;2;1;2;4;34000
2;2;4;1;3;3;20000
9;125;1;1;1;4;22500
9;122;2;1;3;4;19600
2;16;2;1;2;4;32500
2;2;4;1;1;3;22250
2;2;3;1;3;3;28250
9;165;2;1;2;2;16800
2;2;3;1;2;5;31750
9;125;6;1;3;4;26600
2;2;3;1;3;3;25000
2;2;2;1;1;5;28000
6;8;2;1;3;4;24250
2;124;3;1;8;4;22750
9;122;2;1;2;4;19100
2;16;2;1;1;4;31000
2;16;2;1;2;4;24750
2;2;3;1;3;4;33000
2;16;2;1;1;4;28000
2;16;2;1;1;4;28000
6;10;2;1;3;4;33100
9;165;2;1;3;3;21000
2;2;3;1;1;4;30000
2;2;4;1;1;3;19000
9;122;2;1;2;2;14000
9;122;2;1;1;3;19400
2;2;2;1;1;5;23250
2;2;4;1;3;4;21000
9;122;2;1;1;5;19100
2;2;4;1;1;4;21250
2;123;2;1;3;5;33750
2;16;2;1;1;4;26750
6;10;2;1;3;4;30000
2;2;2;1;2;3;22000
2;2;3;1;8;4;29000
9;37;1;1;6;5;30750
2;179;1;1;3;4;27500
9;122;2;1;3;3;16200
2;16;2;1;3;4;27750
18;69;6;1;4;4;12600
2;2;3;1;8;5;31250
2;124;3;1;3;5;22000
2;179;1;1;2;4;29000
9;165;2;1;3;4;18000
6;13;1;1;3;4;31250
9;37;1;1;1;4;31000
2;123;2;1;3;4;34250
6;10;2;1;1;4;28750
2;16;2;1;3;4;34000
9;122;2;1;3;5;15000
2;2;4;1;1;4;22750
6;8;2;1;8;4;20250
2;2;3;1;2;3;26500
9;125;6;1;3;4;28000
6;8;2;1;8;4;19500
2;2;3;1;1;5;27300
2;16;2;1;8;5;31500
2;16;2;1;2;3;34500
9;37;1;1;2;4;27000
2;16;2;1;3;3;32500
27;126;2;1;2;4;8300
7;127;1;1;2;4;14100
27;126;2;1;3;4;9400
7;128;1;1;2;5;20800
8;39;1;1;3;4;15750
5;38;7;1;5;3;23000
7;128;1;1;1;5;22100
7;129;6;1;4;3;14000
2;180;3;1;3;5;32000
2;40;1;1;3;4;34000
5;7;2;1;1;4;9000
5;130;1;1;1;4;18200
5;27;2;1;3;3;9300
7;129;6;1;3;4;14900
7;129;2;1;4;3;8500
5;131;7;1;1;3;24750
12;34;1;1;5;4;24500
7;133;6;1;1;3;5500
5;7;2;1;1;3;8800
2;40;1;1;3;3;30000
29;200;2;1;3;2;6900
7;129;6;1;1;4;8200
7;133;6;2;4;4;8200
7;128;1;1;12;5;20000
7;128;1;1;8;4;18300
7;127;1;1;8;5;9900
27;134;1;1;5;2;14400
7;128;1;1;5;5;10800
7;129;2;1;4;4;9000
2;180;3;1;3;4;27500
27;135;2;1;3;4;34750
7;136;5;1;2;4;18100
7;136;5;1;3;4;24800
5;7;2;2;5;3;7500
5;9;3;1;5;3;16100
5;137;1;1;5;4;12400
7;138;1;1;3;2;19250
7;127;1;1;2;2;14000
2;179;1;1;2;5;26000
5;27;2;1;1;4;10000
12;34;1;1;7;4;22000
5;139;1;1;5;3;11900
5;15;2;1;1;4;9200
5;131;7;1;1;3;22500
7;127;1;1;1;5;16000
27;141;11;1;5;4;8900
5;7;2;1;1;4;11500
27;141;11;1;3;3;11750
7;128;1;1;3;4;23000
7;128;1;1;1;5;16600
7;129;6;1;3;3;8300
5;7;2;1;1;2;5600
7;128;1;1;6;5;16200
5;27;2;1;5;4;9300
7;133;2;1;1;3;3200
8;142;18;1;6;4;27500
7;129;2;1;2;5;12100
5;7;2;1;5;2;7900
27;126;2;1;2;4;8000
7;143;19;1;2;5;30500
7;128;1;1;8;4;19800
27;141;11;1;5;3;12000
7;128;1;1;3;4;18400
5;15;2;1;3;2;7100
5;7;2;1;5;3;9300
7;129;6;1;3;5;11300
27;141;11;1;1;3;10100
7;144;20;1;1;2;11900
5;145;6;1;12;4;15750
5;7;2;1;8;3;10000
7;12;2;1;1;4;14600
7;129;2;1;3;3;10500
7;129;6;1;1;3;4000
7;129;6;1;1;5;11700
5;7;2;1;4;5;10400
5;38;21;1;1;4;20200
2;179;1;1;2;5;25000
5;27;2;1;5;4;8800
7;146;13;1;1;4;14400
2;40;1;1;8;4;34750
7;127;1;1;3;4;14600
5;147;13;1;1;3;7800
5;15;2;1;5;4;8600
5;7;2;2;12;3;8200
12;34;1;1;1;4;25000
5;7;2;1;8;3;9200
7;12;2;1;5;3;9100
27;126;2;1;2;2;7000
5;15;2;1;3;4;9300
5;15;2;1;1;3;8300
29;200;2;1;3;3;8100
7;143;19;1;3;4;28800
7;143;19;1;1;4;19500
5;27;2;1;5;4;9600
5;139;1;1;2;2;9800
7;12;2;1;2;5;16000
5;38;7;1;1;4;21000
7;128;1;1;3;4;21900
27;135;2;1;8;4;20300
5;7;2;2;1;4;9900
7;127;1;1;3;4;10200
7;129;6;1;3;3;7600
7;128;1;1;1;4;22000
5;7;2;1;1;2;10000
7;129;2;1;5;3;9100
27;134;1;1;2;4;11200
7;127;1;1;1;5;17200
5;139;1;1;1;3;10000
7;143;22;1;4;4;25600
5;27;2;1;1;4;12200
7;127;1;1;13;4;9400
7;148;1;1;1;4;27200
7;138;1;1;2;5;24300
5;145;6;1;5;4;17250
5;27;2;1;1;2;7200
5;27;2;1;1;4;9600
2;40;1;1;3;4;33500
7;128;1;1;5;4;23700
7;129;2;1;1;3;6100
7;128;1;1;1;5;20100
7;129;2;2;8;4;8200
5;149;21;1;1;3;8800
5;150;13;1;1;3;19500
7;129;2;1;5;4;9300
5;7;2;1;5;2;8100
5;137;1;1;1;4;14750
5;15;2;1;3;3;7900
5;7;2;1;1;3;10100
7;138;1;1;3;3;25500
7;128;1;1;8;5;21100
7;12;2;1;1;4;14750
2;40;1;1;1;4;30700
7;129;6;1;4;5;11200
5;7;2;1;8;3;10200
7;128;1;1;3;4;16600
5;27;2;1;1;3;10800
7;127;1;1;5;3;11200
7;133;2;1;2;5;10500
5;27;2;1;5;3;8500
7;128;1;1;3;4;19100
7;133;6;1;2;4;8200
5;27;2;1;1;3;10600
29;151;11;1;13;2;8700
5;38;21;1;3;4;20100
5;152;2;1;4;2;5700
8;39;1;1;1;3;17750
7;138;1;1;8;4;18000
5;15;2;1;1;3;8900
5;15;2;1;3;4;8200
31;153;2;1;3;3;13000
31;150;1;1;8;4;18200
11;44;1;1;5;4;15250
11;47;2;1;5;4;14000
31;153;2;1;2;2;12300
11;30;2;1;2;4;12700
7;12;2;1;3;4;11400
13;42;9;1;2;5;20000
7;154;4;1;3;3;11500
11;30;2;1;1;4;12800
31;153;2;1;2;4;12300
11;47;2;1;1;4;10100
31;153;2;1;2;4;15300
7;154;3;1;1;3;10700
7;12;2;1;8;4;8900
13;42;9;1;8;4;19000
31;155;2;1;2;3;8900
11;47;2;1;3;4;12900
11;45;2;1;4;4;15000
31;156;6;2;3;2;7000
11;47;2;1;1;4;11700
31;153;2;1;5;3;12200
31;157;1;1;2;2;13900
11;47;2;1;1;4;16700
31;158;11;1;2;4;17400
31;155;2;1;1;2;10600
7;12;2;1;5;4;10500
31;155;2;1;1;4;13000
31;155;2;1;2;2;4300
31;155;2;1;1;4;12200
31;155;2;1;3;3;12100
7;12;2;1;3;4;9500
11;30;2;1;1;3;9700
7;12;2;1;8;4;12200
31;153;4;1;3;4;13600
11;53;1;1;3;4;13500
11;48;2;1;8;4;16400
11;45;2;1;4;4;19800
31;153;2;1;1;4;13500
11;47;2;1;8;4;12100
31;150;1;1;12;4;18600
7;12;2;1;1;4;9200
11;47;2;1;1;4;17100
11;30;2;1;5;3;10700
11;30;2;1;8;2;8000
11;49;6;1;2;3;8500
31;153;2;1;8;3;12500
31;153;2;1;2;4;14600
31;157;1;1;1;4;22800
31;153;4;1;3;4;17400
31;153;2;1;2;2;13300
31;158;11;1;12;4;20100
11;47;2;1;2;3;10800
31;153;2;1;3;4;13000
7;154;3;1;4;4;11500
13;42;9;1;2;4;19500
31;155;4;1;4;2;11200
31;153;2;1;2;4;14700
31;157;1;1;1;5;26750
7;154;4;2;8;4;20250
31;155;2;1;2;2;8900
13;42;9;1;1;4;19500
31;150;1;1;3;4;19250
11;47;2;1;2;2;8000
11;47;2;1;1;4;17500
11;49;6;1;8;3;7900
31;153;2;1;2;4;12800
11;53;1;1;2;4;13400
31;153;2;1;5;2;12800
7;154;3;1;1;3;9000
13;42;9;1;1;5;18500
31;157;1;1;2;3;17000
7;12;2;1;2;3;6000
11;30;2;1;8;4;11300
31;155;4;1;5;2;7500
31;155;2;1;1;4;12500
11;30;2;1;3;4;11600
11;53;1;1;8;2;10100
13;42;9;1;2;4;20500
13;42;9;1;1;4;20250
13;42;9;1;2;5;22250
31;153;2;1;2;4;13500
31;155;2;1;5;4;11400
11;30;2;1;3;4;11100
31;153;2;1;5;4;13600
11;47;2;1;3;3;14400
31;159;6;1;1;4;20200
11;45;2;1;11;4;18600
7;12;2;1;8;3;6600
31;153;2;1;5;4;13200
31;155;2;1;8;4;11900
11;45;2;1;5;4;14200
7;160;11;1;13;3;12000
13;42;9;1;2;4;17500
11;45;2;1;3;5;16500
32;161;1;1;5;3;14950
7;12;2;1;5;4;14500
11;44;1;1;13;4;12500
31;150;1;1;8;3;18200
31;155;2;1;3;4;12000
31;155;2;1;3;3;11100
11;49;6;1;3;4;9600
13;42;9;1;2;4;20000
31;153;2;1;5;3;13600
7;12;2;1;3;3;6600
7;12;2;1;5;3;11600
31;153;2;1;2;3;15800
31;158;11;1;5;4;22250
11;30;2;1;3;3;11000
7;154;3;1;4;4;11200
11;52;2;1;6;4;17700
7;12;2;1;1;3;9800
11;30;2;1;3;4;11000
7;12;2;1;4;3;10900
31;153;4;1;3;2;12100
7;12;2;1;1;4;8900
31;153;2;1;5;4;14100
13;42;9;1;1;4;20500
7;162;2;1;3;4;11500
13;42;9;1;3;3;17000
31;157;1;1;5;4;17200
31;157;1;1;1;4;23000
31;153;2;1;3;2;12700
31;157;1;1;1;3;24000
7;162;2;1;3;4;11000
11;47;2;1;1;4;12700
7;12;2;1;5;3;12100
31;155;2;1;1;4;8800
31;157;1;1;3;4;23000
13;41;8;1;3;5;23000
31;155;2;1;3;2;10600
11;48;2;1;3;5;17400
11;45;2;1;3;4;19100
11;53;1;1;3;2;12000
13;163;23;1;3;2;26250
7;154;4;1;4;4;12100
7;12;2;1;1;4;11250
31;153;2;1;5;4;13400
31;157;1;1;8;2;17200
31;153;2;1;5;4;13900
31;157;1;1;3;4;23500
31;153;2;1;5;4;14000
11;47;2;1;8;4;11600
13;42;9;1;2;4;18500
7;12;2;1;13;4;10800
7;12;2;1;8;4;9250
31;153;2;1;3;2;14000
11;47;2;1;3;4;12700
7;12;2;1;3;3;9100
7;154;3;1;3;3;11400
11;45;2;1;12;3;13800
13;42;9;1;3;5;20250
31;157;1;1;3;4;24500
11;47;2;1;5;5;16300
7;154;4;1;1;4;13250
31;153;2;1;3;5;15800
11;49;2;1;2;4;8000
11;47;2;1;5;4;11900
31;153;2;1;2;4;14100
31;153;2;1;2;2;12500
11;47;2;1;1;2;10200
31;155;2;1;4;4;12200
31;155;4;1;8;2;9700
31;153;2;1;1;3;12300
11;45;2;1;3;5;19800
31;158;11;1;7;3;13700
11;30;2;1;2;4;12700
31;155;4;1;3;3;9100
13;42;9;1;2;4;19000
31;155;2;1;2;2;11500
31;155;2;1;2;2;12800
11;30;2;1;3;2;7100
11;52;2;1;3;5;18000
31;153;2;1;3;2;13100
7;12;2;1;2;3;7900
7;12;2;1;2;4;12200
11;47;2;1;2;4;11500
31;155;4;1;8;3;10750
7;12;2;1;1;4;12000
31;158;11;1;2;4;19100
7;12;2;1;5;4;12200
31;153;2;1;5;4;15300
11;45;2;1;5;4;11800
13;42;9;1;2;3;15000
31;155;2;1;3;2;11200
11;49;2;1;8;2;7900
7;162;2;1;2;3;10600
31;153;2;1;1;4;17800
7;160;11;1;13;2;11000
7;162;2;1;1;2;10200
11;47;2;1;2;4;10000
31;159;6;1;1;4;18400
31;155;2;1;2;3;11300
13;43;1;1;3;4;26250
31;159;6;1;2;3;16600
11;30;2;1;3;2;10600
11;47;2;1;1;3;15000
13;163;23;1;3;4;27500
13;42;9;1;8;4;19000
13;42;9;1;1;4;20000
32;164;1;1;5;4;29000
13;41;8;1;3;4;24000
11;45;2;1;3;2;14400
11;165;1;1;5;5;19600
31;158;11;1;5;5;26500
31;155;2;1;2;3;13400
31;155;2;1;5;2;11000
13;42;9;1;3;4;19000
31;155;4;1;1;3;10900
31;153;2;1;5;4;14600
15;59;2;1;1;4;23000
13;42;9;1;1;4;22750
13;42;9;1;8;4;21250
18;69;6;1;1;4;14500
18;69;6;1;1;3;14000
1;72;2;1;1;4;10000
18;69;6;1;4;4;13000
13;42;9;1;2;4;23000
15;68;2;1;3;4;27500
14;166;1;1;2;3;12750
10;167;2;1;5;3;18500
18;69;6;1;1;4;13000
13;42;9;1;8;4;22500
18;69;5;1;10;4;16200
10;167;2;1;1;2;11400
13;166;1;1;2;4;34250
10;28;1;1;2;4;22500
13;42;9;1;2;4;21000
13;41;8;1;3;4;22250
18;69;6;1;4;4;14000
10;168;6;1;1;5;24250
14;55;1;1;4;4;25000
18;69;6;1;4;3;12000
17;60;2;1;2;4;9500
20;60;2;1;2;4;13750
10;28;1;1;1;4;22000
1;1;1;1;5;5;11900
18;69;6;2;2;4;19000
20;169;1;1;3;4;32000
18;69;6;1;2;4;13500
10;28;1;1;1;4;31500
13;42;9;1;8;4;22500
1;72;6;1;3;2;7000
1;80;1;1;8;4;16500
17;60;2;1;1;4;15500
18;69;6;1;6;4;15750
18;69;6;1;2;4;15000
14;81;1;1;3;4;18250
10;28;1;1;2;4;27500
18;69;6;2;4;4;13750
14;55;1;1;1;3;21800
10;167;2;1;2;2;18800
18;69;6;1;1;4;14000
13;42;9;1;2;3;17300
13;42;9;1;3;3;20000
18;69;6;1;8;3;19000
15;59;2;1;1;4;20250
13;42;9;1;3;2;20750
13;62;2;1;1;4;29250
15;68;3;1;1;4;27900
13;42;9;2;3;4;25250
18;69;6;2;4;4;11700
15;59;2;1;5;3;22500
18;69;6;1;8;4;16250
13;42;9;1;3;4;21250
13;62;2;1;2;5;27250
21;170;2;1;3;4;30500
13;62;2;1;13;4;24000
17;71;1;1;3;4;23750
13;62;2;1;13;4;26500
1;80;1;1;3;4;13700
15;68;4;1;1;4;25500
13;62;2;1;2;4;26750
18;69;6;2;1;4;14750
18;69;6;1;8;4;13500
17;70;2;1;2;4;13500
1;1;1;1;1;5;14500
18;69;6;1;10;4;13500
18;69;6;1;8;4;16000
15;59;2;1;1;4;21250
1;72;2;1;3;2;10250
21;170;2;1;8;3;32250
13;42;9;1;3;4;23500
18;69;5;1;10;4;18500
13;41;8;1;1;3;21000
1;1;1;1;5;4;15200
18;69;3;1;8;4;18750
13;42;9;1;3;4;21750
1;11;2;1;2;4;16200
18;69;6;1;8;4;14500
13;62;2;1;2;4;26250
14;81;1;1;5;4;14500
18;69;6;2;8;4;16750
21;170;2;1;1;4;30500
1;72;24;1;1;4;11500
18;69;6;1;1;4;13000
1;11;2;1;8;1;12900
18;69;6;1;10;5;14750
13;42;9;1;1;4;20750
10;28;1;1;2;3;28500
13;42;9;1;3;4;22750
15;59;2;1;5;4;21750
17;60;2;1;3;3;10750
18;69;6;2;4;3;12200
15;59;2;1;3;3;22000
13;42;9;1;2;4;17500
18;69;3;1;4;4;15250
1;64;5;1;10;3;9800
17;70;2;1;2;4;11000
15;68;2;1;1;4;23000
13;42;9;1;1;4;22250
18;69;3;1;4;4;15000
15;68;2;1;3;4;28500
18;69;6;1;2;5;16500
17;70;6;1;2;2;14500
13;41;8;1;2;4;20750
13;42;9;1;1;4;20750
10;28;1;1;5;4;29750
13;41;8;1;3;4;19500
13;62;2;1;2;3;23750
13;42;9;1;3;4;22000
1;172;11;1;2;3;9000
13;62;2;1;1;3;27000
15;68;3;1;2;2;28500
13;42;9;1;3;4;22500
13;41;8;1;3;4;22500
18;69;6;2;2;4;10250
10;167;2;1;3;4;23000
18;69;6;1;1;4;15500
10;167;2;1;6;4;23500
1;64;5;1;5;4;9300
14;55;1;1;4;3;22500
18;69;6;1;4;4;14500
1;11;2;1;2;5;18250
13;62;2;1;5;4;27500
18;69;6;1;8;4;15000
17;70;6;1;2;5;14750
1;11;2;1;1;4;15400
13;42;9;1;2;3;20000
1;11;2;1;5;5;10250
15;59;2;1;1;4;21000
13;41;8;1;3;3;21000
13;42;9;1;3;3;22000
13;42;9;1;2;4;19000
14;55;1;1;4;4;20900
13;42;9;1;3;4;20750
18;69;6;2;5;4;12000
18;69;6;1;8;4;16000
13;62;2;1;2;4;25250
21;166;2;1;3;3;35000
10;67;2;1;11;3;23500
21;170;2;1;3;4;28500
17;70;2;2;1;4;9600
1;64;5;1;1;5;12100
18;69;6;1;2;4;17000
18;69;6;2;2;4;15750
20;60;2;1;8;4;14250
13;42;9;1;1;5;20500
1;11;2;1;5;4;17000
1;11;2;1;5;4;14200
18;69;6;1;8;4;14500
1;11;2;1;3;5;15000
13;41;8;1;1;2;19500
18;69;5;1;7;5;17750
15;68;2;1;2;4;29000
13;62;2;1;13;4;28000
13;41;8;2;1;3;23750
10;167;2;1;3;4;21250
13;41;8;2;3;4;27500
17;76;11;1;2;3;10800
1;64;5;1;3;1;3600
10;67;2;1;5;4;24100
10;167;2;1;8;4;21500
13;42;9;1;13;4;21250
13;62;2;1;2;4;27250
13;42;9;1;1;4;23250
1;1;1;1;1;4;19400
13;42;9;1;8;2;16750
13;42;9;1;3;4;23000
14;166;1;1;5;4;14100
13;42;9;1;8;4;21000
13;42;9;1;8;4;21750
13;62;2;1;3;4;27750
18;69;6;1;4;3;13750
13;62;2;1;3;4;25500
13;42;9;1;3;4;21000
13;41;8;1;2;4;22750
13;41;8;1;2;4;23250
10;173;2;1;1;4;20750
17;70;2;1;3;3;11250
13;42;9;1;2;4;22750
18;69;6;1;8;4;14250
15;59;2;1;1;5;23500
18;69;6;2;4;4;13000
13;62;2;1;3;4;26000
14;166;1;1;5;4;15750
18;69;6;1;8;4;12300
13;62;2;1;13;3;29500
21;170;2;1;1;5;32000
18;69;6;1;8;4;13500
15;68;2;1;13;4;29000
14;173;1;1;1;4;5900
13;42;9;1;11;3;21000
1;72;2;1;2;3;6500
15;59;2;1;13;4;20000
13;42;9;1;2;4;20250
18;69;6;1;4;5;14000
13;62;2;1;2;3;25500
19;85;1;1;1;5;34500
18;69;6;2;10;4;18250
13;42;9;1;1;4;21250
17;70;2;1;2;4;9500
4;5;2;1;2;3;10500
4;107;2;1;3;4;10400
15;171;3;1;5;4;20500
4;92;6;1;13;5;12000
4;5;2;1;11;5;12250
4;5;2;1;4;4;9800
4;5;2;1;1;4;12000
4;5;2;1;8;3;8000
23;99;2;1;3;4;17000
4;104;2;1;8;2;10000
4;5;2;1;8;3;10000
4;5;2;1;1;3;10400
4;5;2;1;13;4;11600
4;5;2;1;3;3;12600
4;5;2;1;3;5;12700
4;29;6;1;5;3;8100
4;5;2;1;1;4;11500
4;173;13;1;1;2;10500
4;104;2;1;3;2;15000
24;96;6;2;8;3;23750
23;93;2;1;4;4;15600
4;5;2;1;13;4;13500
4;5;2;1;2;4;10400
4;107;2;1;1;3;7400
4;115;1;1;3;3;26000
4;92;6;1;3;3;11250
15;83;1;1;2;5;34000
4;5;2;1;1;4;10500
4;29;6;1;3;3;8400
15;83;1;1;2;3;28500
4;92;6;1;13;5;10750
15;83;1;1;2;4;27750
4;115;1;1;5;3;24000
4;5;2;1;1;4;14750
23;93;2;1;3;3;12900
4;5;2;1;2;4;15000
24;119;1;1;2;2;16000
4;5;2;1;13;4;12250
25;174;6;1;12;3;13000
15;83;1;1;3;2;25000
4;5;2;1;3;4;12200
4;5;4;1;8;2;10200
4;107;2;1;8;2;5000
15;56;2;1;3;3;31250
4;5;2;1;4;3;9100
4;5;2;1;1;2;19000
4;5;2;1;13;4;15400
15;83;1;1;2;4;26250
4;5;2;1;7;4;12000
4;5;2;1;8;4;13000
15;83;1;1;3;4;26801
4;5;2;1;1;4;13250
4;5;2;1;5;4;12500
4;5;2;1;1;4;11250
4;92;6;1;1;4;12500
4;5;2;1;13;4;12000
4;5;2;1;3;4;9800
4;5;2;1;1;4;13250
4;5;2;1;1;4;12500
15;83;1;1;13;4;27750
4;29;6;1;1;4;9300
4;102;1;1;1;4;16000
4;5;2;1;1;4;13000
4;5;2;1;3;4;15250
4;5;2;1;1;4;11500
4;5;4;1;1;4;15250
4;5;2;1;1;4;14750
4;5;2;1;1;4;13000
25;174;5;1;5;4;12700
4;5;2;1;1;3;8250
16;175;2;1;5;3;9500
4;5;2;1;1;4;12000
4;5;2;1;1;3;12100
23;93;2;1;3;3;12200
4;5;2;1;13;4;11250
4;109;17;1;1;2;5100
4;5;2;1;1;4;12900
4;5;2;1;13;4;10250
15;68;2;1;3;4;24000
4;5;2;1;13;3;11250
4;5;2;1;1;3;11250
15;83;1;1;1;3;32000
4;5;4;1;2;4;12000
4;115;1;1;2;2;24000
4;5;2;1;1;4;10250
4;5;2;1;13;2;11100
4;92;6;1;13;4;12750
4;5;2;1;7;3;11500
16;65;1;1;2;4;11200
4;5;2;1;1;4;12500
15;83;1;1;3;3;28901
4;5;2;1;13;4;12000
16;58;1;1;8;3;13000
4;102;1;1;2;4;15250
4;5;2;1;1;2;10750
4;5;2;1;1;4;13700
24;96;2;2;8;3;20800
4;92;6;1;5;5;9000
4;92;6;1;3;5;12000
4;5;2;1;3;3;10500
4;5;2;1;13;4;12400
4;107;2;1;3;4;10400
4;92;6;1;3;3;11000
4;29;6;1;4;3;9600
4;102;1;1;4;3;14000
4;5;2;1;2;4;15500
4;5;2;1;1;3;12200
24;114;2;1;2;3;12500
15;83;1;1;5;5;25000
16;58;1;1;3;4;12600
4;102;1;1;5;3;12250
15;83;1;1;2;3;26250
4;109;7;1;3;2;13300
15;83;1;1;2;2;29750
15;83;1;1;2;3;27900
4;5;4;1;5;3;13500
4;5;2;1;1;4;8400
4;5;2;1;1;5;13000
4;102;1;1;3;4;14250
4;5;2;1;1;3;10600
4;5;2;1;13;5;12500
4;92;6;1;3;5;12900
4;92;6;1;3;4;12100
4;107;2;1;5;4;9100
4;5;2;1;1;4;11900
4;5;2;1;1;3;10000
15;83;1;1;2;2;23500
15;83;1;1;3;3;26500
4;104;2;1;13;3;16500
15;83;1;1;3;4;30250
23;93;2;1;5;3;15200
4;5;2;1;1;2;11000
4;5;2;1;5;2;10250
4;92;6;1;8;4;11000
4;5;2;1;1;3;10750
4;5;2;1;13;4;12400
4;29;2;1;8;4;8200
34;175;6;1;5;4;7250
4;5;2;1;3;4;13000
4;5;2;1;1;3;12750
2;2;4;1;1;3;21750
2;2;3;1;3;4;27000
2;2;2;1;3;4;18000
2;2;2;1;3;4;20750
2;2;2;1;2;5;23000
2;16;2;1;3;4;28600
6;8;2;1;3;3;16000
23;87;2;1;1;2;8300
22;175;2;1;3;1;11500
2;2;2;1;2;4;25500
2;2;2;1;8;4;20000
2;2;2;1;10;4;20500
23;108;6;1;12;4;16300
2;2;2;1;1;4;28500
3;3;2;1;2;3;15700
2;176;6;1;2;4;31500
2;2;2;1;2;4;22000
2;2;2;1;2;5;20500
2;2;2;1;3;4;22250
3;177;1;1;3;3;23000
9;125;1;1;2;3;18100
2;2;2;1;8;4;21000
2;2;2;1;1;5;22250
6;177;4;1;1;3;20250
3;3;2;1;1;4;14750
2;2;2;1;1;5;30000
2;2;2;1;3;4;19000
23;120;1;1;8;4;21500
22;176;1;1;1;1;11300
2;2;3;1;3;5;31750
2;2;2;1;3;4;20750
2;2;2;1;3;4;19250
2;2;2;1;1;4;20000
2;16;2;1;2;3;26000
2;2;2;1;1;4;26250
2;2;2;1;1;3;20500
2;16;2;1;3;4;27500
2;2;2;1;3;4;22250
2;2;2;1;3;4;22500
2;16;2;1;3;5;23300
2;2;2;1;2;3;17000
2;2;2;1;2;4;17000
2;2;2;1;3;4;21000
2;2;2;1;1;4;17250
2;2;2;1;1;3;15000
23;87;2;1;1;3;10100
2;2;2;1;2;4;21500
6;13;1;1;2;4;25000
3;88;1;1;3;4;15500
2;2;2;1;3;4;22500
23;120;1;1;5;3;24000
22;177;6;1;4;1;12200
2;2;2;1;3;5;25000
2;2;2;1;3;4;16600
2;2;2;1;1;4;18750
3;3;2;1;5;4;19000
2;2;2;1;2;4;17500
22;86;2;1;3;3;10500
2;2;2;1;2;5;21500
6;177;2;1;2;4;29250
2;2;2;1;1;5;19500
2;2;2;1;1;4;20500
2;2;2;1;1;4;21750
2;2;3;1;1;3;28000
2;2;2;1;3;4;20650
2;2;4;1;1;4;22250
2;2;3;1;3;3;25000
2;123;2;1;3;4;27750
3;3;2;1;4;4;15400
2;2;2;1;1;4;21750
2;2;2;1;3;5;23000
2;2;2;1;1;4;25750
2;2;2;1;2;5;24000
23;103;15;1;3;3;19750
2;2;2;1;3;4;19500
2;2;2;1;3;5;23250
2;2;2;1;1;4;22750
2;2;2;1;3;3;21700
23;108;6;1;2;3;14700
22;177;2;1;1;4;14400
2;16;2;1;2;3;29500
2;2;2;1;2;3;20300
2;2;2;1;1;5;20500
3;3;2;1;5;4;22000
23;87;2;1;5;2;9700
2;2;2;1;1;3;18500
2;16;2;1;8;2;16200
2;2;5;1;1;4;24750
2;2;2;1;1;5;21100
2;2;2;1;3;4;21750
23;87;2;1;13;2;8500
22;177;6;1;8;4;16300
3;3;2;1;4;3;12500
2;2;2;1;3;4;21000
2;2;3;1;1;2;23500
2;2;2;1;3;4;22750
2;16;2;1;2;4;28500
2;2;2;1;3;4;20500
9;37;1;1;3;3;25250
2;2;4;1;3;4;16800
23;87;2;1;5;4;10500
3;3;2;1;2;4;16000
2;16;2;1;1;3;28000
23;93;2;1;4;4;17250
2;2;2;1;1;4;21000
2;2;2;1;3;4;20500
2;2;2;1;1;4;18000
3;3;2;1;8;4;16000
22;98;6;1;1;1;11200
2;2;2;1;3;4;23000
6;177;1;1;3;4;28500
2;2;2;1;3;5;19500
6;20;3;1;2;3;29750
2;2;3;1;1;4;29000
23;120;1;1;2;4;26000
22;95;2;1;2;1;8400
22;95;2;1;13;1;9500
2;2;4;1;3;3;19750
6;13;1;1;1;5;28500
22;177;2;1;3;4;16500
2;16;2;1;1;2;26250
2;2;2;1;3;4;25750
2;2;2;1;8;4;19500
23;93;2;1;13;4;18200
2;2;2;1;1;4;22250
2;2;2;1;8;4;17900
2;2;2;1;2;4;19500
22;95;2;1;13;1;8500
23;89;11;1;1;3;16600
2;16;2;1;8;3;20800
2;2;4;1;4;2;17000
2;2;2;1;2;4;20500
2;2;3;1;3;4;29000
2;2;2;1;3;4;20500
22;95;2;1;13;1;7800
2;16;2;1;6;4;27500
2;2;2;1;3;4;28250
2;2;2;1;2;4;21500
23;178;1;1;2;2;8200
2;2;2;1;1;4;23000
2;2;3;1;1;3;29000
2;2;4;2;1;4;22250
2;2;2;1;3;5;23000
2;16;2;1;7;4;28750
9;122;2;1;3;4;16800
2;2;2;1;2;5;21500
2;2;2;1;3;3;21250
23;103;14;1;1;4;21400
22;95;2;1;1;4;8500
2;2;2;1;3;3;18600
2;2;2;1;1;5;21750
2;2;3;1;3;3;30250
2;2;2;1;3;3;21250
3;18;5;1;1;5;26750
2;2;2;1;2;4;19500
3;3;2;1;1;2;15750
2;2;4;1;4;3;18500
22;95;2;1;13;1;7700
2;2;2;1;2;4;18900
22;95;5;1;1;4;8100
2;2;4;1;2;2;18000
22;177;6;1;2;4;15250
2;2;2;1;3;4;21250
2;2;2;1;1;4;23000
2;2;2;1;3;3;20500
2;2;2;1;4;4;22000
2;2;2;1;2;4;17300
6;17;5;1;13;3;16000
2;16;2;1;8;4;26500
3;3;2;1;2;2;12750
22;176;1;1;13;1;13900
2;2;2;1;3;5;22250
2;2;3;1;3;4;30000
2;2;2;1;1;5;18500
2;16;2;1;3;5;34500
2;2;3;1;2;5;23500
2;2;2;1;8;4;20500
2;2;2;1;3;4;20500
3;3;2;1;1;4;16500
2;2;2;1;1;4;20250
2;2;2;1;1;5;18000
23;165;6;1;10;4;22200
23;87;2;1;2;3;10900
6;8;2;1;2;1;14100
3;88;1;1;3;4;17000
2;2;2;1;3;4;19500
2;2;2;1;3;4;21750
7;12;2;1;3;3;6100
13;42;9;1;2;4;17000
27;135;2;1;2;2;12250
13;42;9;1;1;4;17000
13;42;9;1;3;4;18500
13;42;9;1;3;4;17000
13;42;9;1;3;4;17000
29;200;2;1;8;2;7300
5;137;1;1;2;3;12500
7;127;1;1;1;4;9750
7;133;2;1;5;4;6800
7;128;1;1;1;5;21400
2;179;1;1;6;4;25250
5;38;21;1;8;4;12750
31;153;2;1;2;3;13400
31;153;2;1;8;4;12800
31;165;6;2;3;3;8800
7;143;19;1;5;4;20900
13;42;9;1;2;2;14000
11;47;2;1;1;4;11600
5;27;2;1;5;3;9500
27;141;11;1;1;3;8100
13;42;9;1;2;3;17500
7;12;2;1;2;2;5400
11;44;1;1;1;4;13200
7;143;22;1;3;4;27100
13;165;1;1;3;4;23250
2;40;1;1;3;3;25000
7;128;1;1;3;3;19000
5;21;1;1;2;4;21500
7;12;2;1;1;4;8750
13;42;9;1;2;4;17500
2;40;1;1;13;4;33750
13;42;9;1;8;4;16500
5;130;1;1;5;4;11300
11;47;2;1;3;4;12600
32;181;21;1;5;3;18000
7;154;4;1;3;4;16000
7;160;11;1;1;4;8600
13;42;9;1;1;3;15750
12;182;2;1;5;4;13300
5;182;5;1;1;3;6400
7;128;1;1;5;4;7750
5;15;2;1;1;4;6400
7;12;2;1;3;5;10000
7;143;25;1;4;4;11800
31;153;2;1;2;3;12600
31;153;2;1;3;2;11000
31;153;6;1;5;4;15000
7;128;1;1;3;2;17300
5;131;7;1;1;3;30000
13;42;9;1;3;4;17000
7;127;1;1;13;4;12600
11;47;2;1;1;5;11500
13;42;9;1;1;5;17250
5;130;1;1;2;4;15600
11;46;2;1;3;4;26000
2;179;1;1;1;5;28500
11;47;2;1;5;5;11800
12;182;2;1;3;4;18250
11;30;2;1;1;2;5400
13;42;9;1;3;3;17000
31;150;1;1;2;2;12600
13;42;9;1;1;3;17000
8;182;2;1;3;4;16250
7;143;22;1;1;4;13300
8;39;1;1;3;4;22750
31;156;6;1;2;4;10100
13;42;9;1;3;4;16750
13;42;9;1;8;3;15500
13;43;1;1;2;3;24000
27;165;1;1;5;4;12400
11;45;2;1;3;3;13000
8;150;1;1;3;4;35000
5;185;1;1;2;4;22750
27;184;4;1;2;4;14500
8;165;2;1;3;3;28500
13;165;1;1;8;3;22500
7;143;19;1;1;4;24250
13;42;9;1;2;3;14500
13;42;9;1;1;4;18500
7;127;1;1;3;3;10200
11;45;2;1;5;4;15000
7;136;5;1;2;4;16750
13;42;9;1;1;5;18250
5;27;2;1;1;3;6500
5;9;4;1;1;5;16200
11;46;2;1;5;4;25500
13;42;9;1;2;4;17000
8;39;1;1;1;4;23250
7;143;19;1;8;4;12250
31;153;2;1;2;2;11600
7;12;2;1;13;4;6800
7;143;22;1;3;2;14250
12;182;2;1;7;3;10000
27;141;11;1;1;3;7100
5;137;1;1;1;4;8900
13;42;9;1;2;4;18750
11;30;2;1;5;4;11700
13;42;9;1;2;4;18500
7;12;2;1;3;4;12000
7;162;2;1;13;4;11750
7;136;5;1;1;3;11300
11;46;2;1;2;4;25800
7;127;1;1;3;4;20250
5;130;1;1;2;3;14900
13;165;1;1;3;4;23500
11;47;2;1;1;3;8400
5;137;1;1;1;4;13500
31;155;2;1;5;2;8600
7;154;3;1;2;3;12750
11;44;1;1;8;4;12000
31;150;1;1;1;4;17800
11;47;2;1;3;2;10300
5;130;1;1;5;3;18500
7;191;25;1;1;3;10200
5;130;1;1;2;4;13500
13;42;9;1;1;4;18000
7;133;6;1;9;3;9000
5;27;2;1;8;4;9500
31;153;2;1;1;3;13300
2;40;1;1;2;4;27750
13;42;9;1;3;4;17000
7;129;2;1;2;3;6900
13;42;9;1;2;4;17000
5;147;13;1;1;2;10500
7;128;1;1;3;4;23300
7;138;1;1;2;4;17500
7;144;20;1;1;2;9200
31;165;6;1;1;4;8800
11;44;1;1;8;4;12400
2;40;1;1;3;3;23500
7;12;2;1;3;2;12100
7;143;22;1;3;5;22000
7;143;7;1;1;3;9200
29;151;11;1;1;4;16400
8;150;1;1;5;3;35000
13;42;9;1;2;4;16500
7;12;2;1;5;4;10400
13;43;1;1;8;4;28000
5;27;2;1;1;4;11500
13;43;1;1;6;3;28250
13;42;9;1;2;4;18250
11;30;2;1;5;2;8000
32;192;1;1;3;4;19000
31;155;2;1;4;4;11900
13;41;8;2;2;4;23000
5;130;1;1;2;4;15300
13;42;9;1;3;4;17000
5;182;5;1;2;3;5700
7;12;2;1;13;3;10800
5;182;5;1;5;4;6800
5;130;1;1;5;2;14200
13;165;1;1;2;3;21000
2;40;1;1;2;4;27750
7;12;2;1;8;4;9000
7;128;1;1;8;3;19800
13;165;1;1;1;4;25500
2;40;1;1;3;4;33500
7;143;19;1;2;4;21800
5;27;2;1;13;4;10100
27;165;1;1;3;3;11900
5;15;2;1;2;3;8100
5;9;4;1;1;4;20750
5;137;1;1;6;4;20500
11;47;2;1;8;4;10000
8;142;18;1;1;3;20000
31;153;4;2;3;4;11000
27;135;2;1;12;3;14900
7;162;2;1;2;4;10300
2;40;1;1;3;4;28250
7;143;7;1;1;2;13100
13;42;9;1;2;5;17000
5;9;3;1;3;4;18800
7;12;2;1;2;2;5700
31;157;1;1;3;4;16900
32;161;1;1;3;5;15500
31;157;1;1;3;2;18200
31;155;4;2;3;3;13000
11;47;2;1;5;2;10000
11;47;2;1;5;4;11300
5;182;5;1;5;3;5300
5;131;7;1;1;3;22750
7;133;2;1;3;2;5000
5;27;2;1;5;3;6200
29;200;2;1;4;3;12100
27;141;11;1;5;4;15100
27;141;11;1;4;2;12700
29;151;11;1;4;1;11200
29;151;11;1;1;3;20800
29;151;11;1;4;4;20500
5;15;2;1;4;1;14000
5;185;1;1;1;3;30500
5;165;2;1;3;3;11500
27;141;11;1;1;3;15500
27;141;11;1;1;4;15750
29;151;11;1;13;3;19000
27;141;11;1;3;4;15500
27;141;11;1;13;3;16100
29;200;2;1;3;5;15200
27;135;2;1;1;3;16600
27;141;11;1;1;4;19100
27;141;11;1;3;4;16400
29;151;11;1;7;3;19400
27;165;2;2;3;4;13900
5;27;2;1;2;1;12000
5;15;2;1;3;2;13000
27;141;11;1;13;3;17200
29;151;11;1;1;2;18800
27;141;11;1;13;3;15750
27;141;11;1;2;2;15250
29;151;11;1;13;3;19600
27;141;11;1;3;4;16500
5;7;2;1;1;3;12500
29;151;11;1;1;3;19000
27;141;11;1;8;4;16200
27;141;11;1;2;4;16500
29;200;2;1;3;4;14000
27;141;11;1;3;3;15000
27;141;11;1;1;3;15250
27;141;11;1;3;4;16250
27;135;2;1;1;4;20000
27;184;4;1;2;1;15700
29;151;11;1;1;4;16100
27;134;1;1;2;3;15000
29;200;2;1;3;4;11300
29;151;11;1;3;4;20000
29;151;11;1;1;4;18200
27;141;11;1;13;3;16000
27;141;11;1;13;3;16300
27;141;11;1;4;4;16500
5;147;13;1;1;1;3500
27;135;2;1;8;3;17200
27;135;2;1;2;2;14200
5;7;2;1;8;4;10000
29;200;2;1;1;3;13500
27;141;11;1;8;3;17200
27;135;2;1;13;4;17600
27;135;2;1;3;4;17250
27;135;2;1;2;2;8000
27;165;2;2;3;4;14100
5;152;2;1;5;2;3900
5;15;2;1;1;1;7200
27;135;2;1;5;3;17000
5;152;2;1;2;1;5500
27;141;11;1;1;3;17200
27;135;2;1;13;4;17400
5;27;2;1;3;5;16200
29;151;11;1;13;3;19400
27;141;11;1;1;4;19600
27;141;11;1;13;4;15500
5;27;2;1;2;2;13100
29;151;11;1;2;4;17500
29;151;11;1;3;2;12100
27;141;11;1;13;3;15800
5;7;2;1;2;1;11300
29;151;11;1;3;3;19600
29;151;11;1;13;3;19000
5;137;1;1;3;5;24000
5;150;13;1;1;1;14500
29;151;11;1;5;3;17500
29;151;11;1;3;3;19600
27;141;11;1;1;3;16200
27;184;4;1;3;3;19500
29;200;2;1;3;2;5250
27;141;11;1;1;3;16900
27;141;11;1;13;4;16300
29;151;11;1;4;4;16700
27;141;11;1;13;3;15900
5;137;1;1;11;4;16750
27;141;11;1;1;3;15000
29;151;11;1;1;2;14000
29;151;11;1;13;3;20000
5;130;1;1;1;4;16500
5;165;2;1;5;2;3200
27;141;11;1;3;4;16600
13;42;9;1;2;4;19750
15;68;4;1;3;4;23000
13;42;9;1;8;5;13500
17;70;2;1;12;4;11400
13;42;9;1;1;4;20500
21;170;2;1;3;4;33500
13;41;8;1;4;4;24000
13;42;9;1;2;4;20750
21;170;2;1;8;4;24500
13;42;9;1;3;4;20500
13;41;8;1;3;4;23000
17;70;6;1;3;4;13750
13;41;8;1;1;4;21500
21;166;3;1;2;4;33500
21;170;2;1;1;4;27500
13;42;9;1;1;4;20000
21;170;2;1;8;4;27500
13;42;9;1;2;4;18500
13;42;9;1;3;4;22250
13;42;9;1;3;4;19500
13;42;9;1;2;4;20250
21;170;2;1;2;4;31500
13;163;23;1;13;4;25250
13;42;9;1;2;4;20500
15;188;13;1;1;4;28500
21;166;3;1;3;3;33500
13;163;23;1;3;5;25250
13;42;9;1;8;4;18000
14;166;1;1;10;4;14750
13;42;9;1;3;5;20250
21;170;2;1;3;3;25500
13;42;9;1;6;4;19500
17;70;2;2;2;2;9250
13;41;8;1;8;4;20000
13;42;9;1;3;4;19000
13;41;8;1;1;5;19000
21;170;2;1;1;4;18000
13;41;8;1;2;4;25500
17;70;2;1;3;3;10750
21;166;2;1;2;3;33500
1;11;2;1;1;4;16500
17;70;6;1;2;3;10500
14;81;1;1;1;4;21250
19;170;1;1;3;3;34600
17;70;2;1;2;2;8750
13;41;8;1;2;3;19000
13;42;9;1;2;4;21000
13;42;9;1;2;5;20000
13;41;8;1;8;4;20500
13;163;23;1;1;5;27000
15;56;2;1;3;4;31500
13;41;8;1;2;4;21250
21;166;4;1;3;4;35000
13;41;8;1;1;4;24500
19;85;1;1;1;4;31000
15;68;2;1;2;3;19400
13;41;8;1;5;4;21000
17;70;2;1;1;4;12750
20;151;2;1;5;4;22200
13;42;9;1;3;4;18000
13;42;9;1;3;3;18400
17;60;2;1;1;3;11250
18;69;6;2;4;4;11000
21;166;2;1;5;3;32250
13;41;8;1;2;4;22000
1;1;1;1;3;4;10200
1;72;24;1;3;2;5600
20;151;2;1;13;3;15000
15;83;1;1;3;5;26750
15;59;2;1;3;2;19750
15;68;2;1;2;4;25250
20;151;2;1;12;2;16500
13;41;8;2;13;3;27750
21;170;2;1;2;4;27000
13;42;9;1;1;3;14500
13;42;9;1;1;4;22750
13;163;23;1;3;4;24750
13;42;9;1;1;5;22500
17;60;2;1;5;2;9250
13;42;9;1;3;3;17250
18;69;6;2;1;4;10200
14;73;1;1;5;2;7750
13;42;9;1;1;5;20000
13;42;9;1;8;4;20000
13;42;9;1;5;4;22750
10;28;1;1;3;4;26000
13;42;9;1;3;3;19500
13;42;9;1;2;4;20000
17;70;2;1;2;2;7000
18;69;6;1;3;4;10000
21;166;2;1;10;4;29000
13;41;8;1;3;4;21500
13;42;9;1;13;3;16750
13;41;8;1;8;4;21500
21;170;2;1;3;2;19750
13;42;9;1;2;4;14300
21;170;2;1;3;4;26000
13;41;8;1;2;4;20500
15;59;2;1;1;4;20500
17;70;2;2;2;2;8250
13;42;9;1;8;2;16000
13;42;9;1;3;4;20250
17;70;2;1;2;4;12750
13;42;9;1;2;3;21500
17;70;6;1;2;3;11500
13;42;9;1;8;4;22000
13;41;8;1;1;4;22750
13;42;9;1;1;4;18750
15;59;2;1;3;2;16250
13;41;8;1;1;4;22500
1;72;2;1;5;4;10600
15;68;4;1;5;4;26500
13;163;23;1;1;4;25250
13;42;9;1;1;4;19000
13;42;9;1;3;4;16250
13;42;9;1;2;4;20750
10;167;2;1;5;3;16000
14;55;1;1;3;4;30750
20;151;2;1;4;3;16500
19;85;1;1;8;4;35250
15;68;5;1;3;3;25000
17;70;6;1;5;3;13000
13;163;23;1;2;4;24750
13;42;9;1;8;4;21500
10;151;1;1;11;4;27250
17;60;2;1;2;3;10750
13;42;9;1;2;4;19000
15;83;1;1;1;4;24750
13;42;9;1;1;4;18750
13;42;9;1;1;2;19000
20;151;5;1;1;4;24800
13;42;9;1;1;5;21000
1;1;1;1;10;4;9500
13;41;8;1;2;4;22500
15;83;1;1;2;4;21000
17;70;2;1;2;4;12500
10;78;2;1;5;4;34500
13;165;1;1;3;3;29500
15;59;2;1;13;3;17000
13;42;9;1;3;4;18750
13;41;8;1;3;3;18000
21;170;2;1;5;4;25500
13;41;8;1;2;3;22000
13;41;8;1;1;4;20250
1;11;2;1;4;4;16750
13;42;9;1;3;3;17500
17;151;1;1;3;4;15400
13;42;9;1;2;4;19000
13;41;8;1;1;4;20000
15;59;2;1;1;3;15500
13;42;9;1;2;5;20500
17;70;2;1;1;4;10750
1;11;2;1;3;3;9500
13;42;9;1;13;4;21000
1;11;2;1;4;5;14000
15;59;2;1;1;4;19750
15;68;2;1;3;4;26000
19;85;1;1;3;4;32000
13;42;9;1;3;4;20500
1;1;1;1;8;2;8000
15;59;2;1;3;4;22500
15;68;4;1;5;4;26000
14;73;1;1;1;3;10400
17;70;6;1;2;3;14250
13;42;9;1;3;5;21000
22;95;2;2;1;2;9250
23;108;6;1;5;4;13800
23;87;2;1;1;4;11600
24;96;2;1;5;4;13000
4;107;2;1;3;4;10500
4;104;2;1;1;4;17500
4;104;2;1;3;5;17300
5;183;2;1;4;4;5900
27;184;4;1;3;2;10500
23;178;1;1;8;3;12000
4;5;2;1;1;4;9500
23;87;2;1;1;1;3600
4;92;6;1;1;4;10500
23;89;11;1;5;4;19750
5;185;1;1;1;2;16250
4;107;2;1;2;2;7100
23;87;2;1;2;2;9250
22;95;2;1;13;1;7100
22;95;2;1;5;2;9000
22;95;2;1;13;1;7400
4;115;1;1;4;4;22250
4;5;2;1;3;3;12500
4;5;2;1;3;4;11800
4;104;2;1;3;4;17750
22;95;2;1;2;1;6800
5;137;1;1;2;4;10700
24;96;2;1;8;4;10700
4;104;2;1;3;4;18750
23;93;2;1;3;5;15600
4;102;1;1;1;4;18000
4;121;1;1;8;3;19000
5;137;1;1;7;4;12500
24;186;5;1;1;3;13500
5;15;2;1;3;4;6100
23;93;2;1;2;2;10300
23;108;6;1;3;4;12400
4;104;2;1;3;4;17750
22;95;2;1;1;1;6100
2;2;2;1;2;4;15500
4;90;6;2;2;4;13500
27;186;5;1;11;2;5500
23;93;2;1;2;2;9250
4;104;2;1;1;4;17000
23;108;6;1;8;4;13600
5;130;1;1;8;2;9000
5;9;4;1;5;4;13500
4;107;2;1;2;3;6200
4;5;2;1;5;3;8500
5;9;4;2;9;4;20900
5;9;4;1;2;4;16200
22;186;11;1;13;1;6700
27;126;2;1;5;3;5200
2;123;2;1;7;4;28500
23;87;2;1;4;3;7800
23;178;1;1;3;5;16100
4;92;6;1;3;5;11000
6;8;2;1;8;3;22500
23;93;2;1;1;2;9500
4;5;2;1;13;4;9600
2;2;2;1;1;2;13100
5;15;2;1;8;2;4800
5;15;2;1;1;4;8600
22;95;2;1;3;2;7100
4;107;2;1;3;4;10800
29;187;2;1;1;2;5600
4;104;2;1;1;5;17500
4;115;1;1;13;4;27000
5;21;1;1;5;2;22000
23;87;2;1;2;2;8800
23;116;5;1;1;3;15000
12;182;2;1;2;2;8400
5;15;2;1;2;3;6200
27;135;2;1;3;2;8800
23;93;2;1;1;3;11000
27;135;2;1;3;4;12100
15;188;13;1;5;3;21000
24;186;5;1;2;3;17250
4;5;2;1;1;3;11800
4;107;2;1;1;4;10750
2;2;2;1;3;3;11250
5;38;7;1;1;4;20600
5;149;21;1;1;3;10400
4;102;1;1;3;3;13750
23;93;2;1;2;4;8900
23;94;14;1;1;3;23500
23;178;1;1;11;4;16500
23;120;1;1;2;3;17500
4;104;2;1;8;4;16000
4;111;5;1;5;2;6600
24;186;5;1;8;3;16900
4;104;2;1;3;4;19000
22;95;2;1;1;4;8600
4;5;2;1;4;3;10000
29;187;2;1;1;2;5400
4;107;2;1;8;3;10250
5;189;4;1;3;5;30500
27;135;2;1;3;3;11300
6;8;2;1;3;2;15000
8;39;1;1;2;5;20250
22;177;6;1;2;2;15500
23;112;1;1;3;4;23250
23;87;2;1;2;3;7500
4;5;2;1;1;4;12250
24;96;2;2;2;1;9250
5;38;7;1;8;4;18000
5;15;2;1;1;4;7900
4;102;1;1;1;4;15300
4;92;6;1;3;3;8500
4;121;1;1;2;4;19500
4;5;2;1;7;4;12000
23;87;2;1;5;2;11100
4;107;2;1;13;5;10250
18;69;6;1;2;3;7800
4;102;1;1;3;3;16250
4;107;2;1;3;2;8300
4;121;1;1;1;4;17500
5;27;2;1;3;4;8100
4;102;1;1;2;4;18750
2;123;2;1;1;2;30750
4;92;6;1;5;3;10500
23;93;2;1;5;3;11000
2;16;2;1;2;4;18500
4;5;2;1;12;4;8400
4;92;6;1;3;4;11000
4;107;2;1;5;2;7800
5;15;2;1;2;4;4500
4;5;2;1;8;3;10500
4;92;6;1;13;4;12000
4;107;2;1;8;4;9300
5;130;1;1;7;3;12900
23;93;2;1;1;3;10750
23;93;2;1;11;3;9250
2;2;4;1;1;2;14400
4;92;6;1;3;3;10500
8;182;2;1;3;4;14900
3;189;5;1;2;4;8800
5;9;4;1;5;3;13500
2;124;3;1;1;4;19000
22;95;2;1;2;1;6800
5;9;4;1;3;3;14200
23;108;6;1;4;3;15500
4;104;2;1;3;4;18000
4;121;1;1;2;4;15400
4;92;6;1;3;4;9500
22;95;2;1;1;3;7700
23;94;14;1;1;4;23000
4;104;2;1;2;3;18250
4;102;1;1;5;3;16500
23;99;2;1;13;3;12500
9;125;1;1;5;3;14600
4;29;2;1;3;3;7000
22;95;2;1;13;1;6200
7;129;2;1;4;3;6100
31;155;2;1;2;2;5600
7;143;25;1;1;2;4100
7;143;22;1;1;3;8750
27;141;11;1;5;2;4700
14;190;1;1;3;3;10500
15;59;2;1;3;4;16750
4;107;2;1;5;3;9100
31;158;11;1;5;3;13500
31;153;2;1;5;4;8800
14;173;1;1;3;3;5800
11;30;2;1;3;4;7700
23;178;1;1;2;4;13900
18;69;3;1;4;4;12250
4;5;2;1;5;3;8800
13;163;3;1;3;5;24750
22;177;2;2;13;1;4700
4;109;7;1;5;3;8500
7;148;1;1;3;4;18600
7;129;2;2;1;4;5400
17;70;2;1;1;2;7000
7;127;1;1;3;2;6700
9;37;1;1;1;4;18250
20;151;5;1;12;3;12400
23;113;1;1;3;3;24500
14;55;1;1;5;3;19200
4;5;2;1;3;2;9600
31;158;11;1;3;2;13250
31;153;2;1;2;2;10300
9;165;2;1;8;4;18200
22;177;6;2;3;4;9200
23;93;2;1;1;3;9000
15;83;1;1;3;3;26250
23;87;2;1;1;3;10300
31;153;2;1;5;2;10000
23;103;15;1;1;3;18000
14;55;1;1;4;3;17500
15;68;2;1;3;3;23250
20;82;1;1;1;4;17500
17;70;2;1;3;4;11000
7;143;22;1;5;1;8600
15;68;2;1;1;4;23500
31;155;2;1;1;2;8100
23;87;2;1;5;3;11100
9;37;1;1;5;3;13000
7;129;2;1;8;4;7700
7;143;22;1;1;5;34250
14;73;1;1;12;3;6600
4;121;1;1;12;4;12500
31;155;2;1;5;3;8400
23;120;1;1;1;2;11300
31;157;1;1;1;5;21000
13;163;3;1;12;4;21000
7;143;19;1;1;2;15000
1;72;2;1;1;4;9000
15;59;2;1;1;3;19000
14;55;1;2;5;2;9900
22;176;1;1;1;4;8600
4;111;5;2;8;3;5000
31;158;11;1;1;3;12500
17;70;2;1;2;4;8400
16;58;1;1;3;4;10100
22;95;2;2;1;1;4500
1;72;2;1;5;3;6400
25;174;5;1;5;2;7300
22;98;6;1;1;3;7100
7;12;2;1;2;3;10500
14;73;1;1;12;4;8900
7;129;2;1;10;2;6100
7;143;7;1;1;4;32000
7;127;1;1;3;4;8200
7;146;13;1;5;3;10500
3;177;1;1;1;4;16000
7;154;3;1;4;3;11400
23;87;2;1;11;4;10500
22;165;6;1;1;5;9400
31;153;2;1;3;4;12500
7;127;1;1;2;4;11000
7;143;19;1;8;2;11000
6;17;5;1;3;3;14250
7;154;3;1;1;2;8600
32;161;1;1;1;4;15100
4;63;3;2;4;4;17500
31;153;6;1;1;5;16750
7;143;19;1;3;5;34250
22;177;2;1;13;2;4600
4;107;2;1;4;2;5500
11;30;2;1;5;4;8500
31;153;2;1;8;3;11700
17;70;2;1;2;3;8250
23;120;1;1;3;4;13400
7;129;2;1;1;2;900
23;108;6;1;5;2;10400
31;155;2;1;5;4;9800
3;18;5;1;3;4;18000
31;150;1;1;2;4;16000
23;87;2;1;5;3;10400
31;158;11;1;2;3;13000
27;134;1;1;3;4;8800
15;56;2;1;3;3;31000
7;128;1;1;5;5;14300
31;155;2;1;5;3;8400
13;165;1;1;1;5;28250
17;70;2;1;3;2;7000
23;87;2;1;1;4;11000
31;155;2;1;2;4;9500
3;88;1;1;8;3;15500
27;134;1;1;5;3;6100
1;11;2;1;3;3;7250
15;83;1;1;10;4;21750
7;160;11;1;1;3;7000
24;96;6;1;12;3;10750
19;170;1;1;1;4;28500
15;79;1;1;5;3;16500
31;153;2;1;13;2;6900
15;83;1;1;3;4;26750
31;155;4;1;2;5;8900
23;93;2;1;3;3;9800
19;165;1;1;3;4;17500
23;93;2;1;1;2;8000
14;81;1;1;5;4;13200
27;134;1;1;3;3;8600
16;84;6;1;8;2;4000
11;49;6;2;1;2;3600
1;80;1;1;1;3;7100
13;165;1;1;1;4;25750
23;116;5;1;8;1;4500
19;165;1;1;1;3;15750
23;103;15;1;2;3;14600
7;129;2;1;1;3;5100
7;143;22;1;5;1;9350
31;155;2;1;8;3;8800
13;163;3;1;1;4;21000
4;104;2;1;3;2;10700
11;47;2;1;3;2;2700
34;175;6;1;4;2;3500
36;165;4;1;2;3;3600
22;177;6;1;3;4;11300
32;165;1;1;3;3;17000
23;178;1;1;1;2;7800
8;140;1;1;3;3;28000
7;143;19;1;1;5;17300
23;93;2;1;2;2;7000
4;29;6;1;8;2;4500
17;60;2;1;8;3;7400
5;185;1;1;3;4;14250
6;8;2;1;5;3;16000
15;83;1;1;3;4;24500
7;191;25;1;1;2;2000
5;131;7;1;1;4;20000
15;83;1;1;3;5;27750
27;134;1;1;3;3;5000
5;131;7;1;1;3;21000
23;87;2;1;5;3;8200
17;71;1;1;1;3;8000
27;134;1;1;2;2;4300
7;127;1;1;5;4;7000
7;129;2;1;5;4;7300
5;191;7;1;8;2;16500
2;2;2;1;2;3;11500
16;84;2;2;2;2;6000
31;153;2;1;2;3;7800
15;83;1;1;5;3;18500
21;170;2;1;10;4;13250
2;16;2;1;3;4;17800
2;40;1;1;3;3;18750
31;150;1;1;1;4;11700
2;2;2;1;1;4;14500
31;150;1;1;3;2;9000
18;69;6;1;2;2;4600
8;140;1;1;8;3;25000
16;84;2;1;5;4;7600
8;140;1;1;1;3;15000
31;153;2;1;2;3;11000
23;87;2;1;4;2;4400
15;66;3;1;3;4;14000
21;170;2;1;4;4;18600
5;15;2;1;5;2;5000
13;165;1;1;3;4;23200
15;56;2;1;1;3;30250
23;87;2;1;5;2;7250
6;8;2;1;5;1;7800
15;68;2;1;2;4;9250
16;84;2;2;3;3;10800
22;95;5;1;2;2;8500
15;68;2;1;8;3;12300
5;27;2;1;5;3;4500
15;83;1;1;3;2;19000
5;182;5;1;5;4;3600
5;15;2;1;5;4;6000
2;40;1;1;3;4;16750
5;21;1;1;3;3;12500
29;151;11;1;4;2;3400
23;93;2;1;5;3;6300
27;141;11;1;8;3;9400
1;192;2;1;11;4;3700
2;2;2;1;3;2;6750
1;192;5;1;5;4;6500
1;192;1;1;12;4;9800
4;104;2;1;1;3;13400
23;93;2;1;3;2;7000
29;187;2;1;1;2;4000
29;151;11;1;1;4;5700
23;87;2;1;1;4;9100
31;155;2;1;3;2;7100
5;183;2;1;4;3;3900
5;137;1;1;12;3;4700
7;12;2;1;3;2;3300
4;63;4;1;5;3;13100
7;143;19;1;3;2;15000
4;121;1;1;5;4;12800
32;192;1;1;2;3;10300
20;192;2;1;8;4;10800
5;182;5;1;2;3;5600
21;170;2;1;2;2;13000
20;192;2;1;5;3;15000
1;61;2;1;4;2;2700
15;192;3;1;3;4;15000
5;185;1;1;1;4;15500
22;95;2;1;3;3;11100
5;185;1;1;3;2;16000
31;156;6;1;4;3;8700
7;136;5;1;2;4;13250
24;96;6;2;8;4;15000
1;192;2;1;3;2;3500
15;59;2;1;2;4;17100
23;87;2;1;4;4;7600
23;178;1;1;2;3;9100
23;93;2;1;5;3;6250
16;84;2;1;1;2;8300
27;186;5;1;8;2;4800
2;40;1;1;1;3;16500
7;192;13;1;1;3;11750
7;192;13;1;1;2;10200
31;153;2;1;5;4;12300
11;49;2;1;8;3;5300
10;167;2;1;1;3;13000
2;40;1;1;3;3;18750
31;153;2;1;10;3;12000
2;123;2;1;1;4;27500
27;184;4;2;1;4;18500
24;96;6;2;8;3;12500
5;191;7;1;3;3;24500
31;158;11;1;8;2;12500
15;56;2;1;5;4;24000
2;2;2;1;1;3;11600
1;11;2;1;12;3;6000
31;155;2;1;5;3;1000
7;129;2;1;5;2;3300
23;87;2;1;5;2;6100
11;47;2;1;2;3;5900
4;121;1;1;2;3;8500
22;95;2;1;1;4;8900
8;165;2;1;1;2;9000
29;151;11;1;10;3;7000
31;156;6;1;3;4;5800
1;192;2;1;5;3;4200
23;87;2;1;3;3;5300
15;83;1;1;3;3;18300
22;95;2;1;3;2;5400
4;5;4;1;2;4;10300
18;69;6;1;1;4;8400
23;108;6;1;2;4;11000
18;69;6;1;5;4;8000
5;147;13;1;3;3;11400
31;165;7;1;5;3;9200
7;165;7;1;2;4;29000
2;2;2;1;3;3;9500
5;15;2;1;8;4;5500
27;193;5;1;4;3;2900
31;153;2;1;2;4;12500
27;165;1;1;3;4;4500
7;128;1;1;4;3;9100
7;143;22;1;1;2;7500
5;15;2;1;5;3;5100
2;2;4;1;5;2;10250
6;8;2;1;13;3;7300
27;135;2;1;1;4;8600
29;187;3;1;1;3;4500
5;165;2;1;2;2;2900
6;177;1;1;2;3;12300
27;193;5;1;3;3;5300
31;153;4;1;4;3;5600
5;191;7;1;2;4;14000
2;16;2;1;3;3;14400
31;155;4;1;3;2;7400
31;153;2;1;2;4;10200
7;12;2;1;5;3;3700
6;165;6;1;3;4;18300
27;126;2;1;3;4;4000
27;186;5;1;12;3;3900
18;69;6;2;10;3;6500
8;182;2;1;3;3;12100
6;32;2;1;3;2;8000
18;69;6;1;8;2;4400
7;138;7;1;1;2;6800
2;2;4;1;8;3;13000
29;187;2;1;5;3;3550
7;191;22;2;2;2;6900
2;16;2;2;3;2;8900
9;37;1;1;5;3;17500
2;2;2;1;2;4;10500
31;153;2;1;3;3;6400
31;155;2;1;2;3;6100
32;164;1;1;1;4;16300
2;40;1;1;2;3;17500
29;151;11;1;8;3;5400
2;123;2;1;2;4;10900
2;16;2;1;3;4;14500
27;165;26;1;5;4;10000
27;186;5;1;3;3;2500
2;2;2;1;5;4;12000
5;38;21;1;3;1;8900
31;153;2;1;10;3;8600
27;135;2;1;3;1;5800
5;38;25;1;8;2;3400
5;27;2;1;11;3;6300
27;193;5;1;1;4;6100
7;127;1;1;4;3;5900
2;40;1;1;3;3;15750
7;132;7;1;1;4;16500
29;165;5;1;1;2;2900
27;193;5;1;5;1;2800
2;16;2;1;5;4;11250
2;16;2;1;2;2;5800
5;15;2;1;1;2;3000
8;182;2;1;4;3;10700
7;12;2;1;1;2;3700
27;135;2;1;3;4;9700
5;149;7;1;3;3;13500
27;141;11;1;1;4;6300
27;165;1;1;8;2;8500
7;143;7;1;1;3;16300
31;158;11;1;1;5;15000
27;126;2;1;1;3;3800
32;181;7;1;1;4;24250
9;122;2;1;5;3;8600
27;165;26;1;3;2;7000
27;165;25;2;2;3;7100
5;149;7;1;8;4;10500
5;15;2;1;1;3;2000
7;148;1;1;2;3;14100
31;155;4;1;2;3;6300
2;180;3;1;2;4;9900
29;165;5;1;1;4;3700
2;16;2;1;1;4;19250
32;192;1;1;5;4;10900
2;40;1;1;2;4;16800
31;158;11;1;2;2;9600
18;69;6;1;2;4;8100
5;185;1;1;2;4;14600
32;192;1;1;5;3;11200
9;122;2;1;2;4;11250
31;153;2;2;2;2;8000
22;186;11;1;5;3;6000
31;155;2;1;5;1;1300
32;165;1;1;3;3;13400
32;192;1;1;1;4;10250
7;143;22;1;1;3;8500
6;165;2;1;5;3;17500
27;135;2;1;5;2;6000
2;40;1;1;3;4;19750
31;153;2;1;5;3;8300
7;129;4;1;3;3;4000
27;126;2;1;2;2;3500
2;2;4;2;2;3;12900
5;137;1;1;8;3;3100
27;135;2;1;5;4;9700
5;21;1;1;1;4;15500
22;165;6;2;2;3;4800
5;185;1;1;1;2;16000
7;132;7;1;5;4;30250
31;153;4;1;5;2;6600
2;2;2;1;3;3;10300
27;165;26;1;1;2;10250
2;179;1;1;8;4;10500
7;143;22;1;3;2;10600
27;135;2;1;5;3;7300
31;153;2;1;5;4;11200
29;151;11;1;8;3;7100
31;153;2;1;3;2;8100
29;165;5;1;1;2;2450
22;95;2;1;2;1;5000
5;185;1;1;8;2;15000
5;149;7;1;1;2;11800
7;129;2;2;3;3;3800
7;143;22;1;1;2;8800
7;12;2;1;1;2;4000
31;156;6;1;8;2;5000
7;143;19;1;1;3;11100
12;34;1;1;1;4;13200
27;135;2;1;11;3;4250
22;95;2;2;13;1;3300
29;187;2;1;2;3;4600
7;12;2;1;8;2;3800
3;165;6;1;4;3;9000
4;115;1;1;3;2;12200
23;108;6;1;2;3;8300
2;2;4;1;3;2;8200
36;165;1;1;8;4;7100
2;16;2;1;2;4;6500
2;14;3;1;2;2;14250
6;8;2;1;1;3;4400
36;165;2;1;4;3;5300
9;165;2;1;1;4;13300
19;85;1;1;1;3;20000
23;103;14;1;10;5;28000
14;55;1;1;5;4;18100
36;165;2;1;1;3;4500
15;56;2;1;3;3;22500
23;93;2;1;2;2;6800
36;165;2;1;3;2;3800
4;165;4;1;5;4;15000
15;68;2;1;3;4;11000
15;171;3;1;5;4;25250
1;172;11;1;11;3;3600
23;120;1;1;10;2;12200
4;29;2;1;1;2;3400
2;2;2;1;6;2;6200
36;165;1;1;5;2;4200
16;165;14;1;3;3;10750
17;165;6;2;2;2;9900
36;165;3;2;4;3;6600
9;37;1;1;5;3;14500
14;73;1;1;1;2;1800
2;2;2;1;3;2;7800
1;192;2;1;8;3;3900
6;8;2;1;4;3;7100
25;174;5;1;3;3;7000
10;167;2;1;3;3;13500
2;16;2;1;3;3;7900
4;29;6;1;1;2;4000
4;117;1;1;6;4;8700
36;165;2;1;3;2;6400
36;165;2;1;2;2;6500
10;67;2;1;3;2;12250
14;173;1;1;1;3;4300
15;56;2;1;2;5;25000
10;165;1;1;11;4;26750
19;165;1;1;8;4;7500
15;59;2;1;2;4;15300
1;172;11;1;4;2;2500
10;165;1;1;2;2;12800
4;107;2;1;5;3;8250
2;2;2;1;8;3;14500
2;14;4;1;3;3;13000
23;93;2;1;2;3;8200
10;167;2;1;3;2;10700
3;177;1;1;3;3;10750
25;174;5;1;10;4;10900
36;165;2;1;1;4;6000
23;93;2;1;2;3;8300
23;103;15;1;8;3;22500
6;32;2;1;5;3;12500
15;68;2;1;5;4;10100
36;165;1;1;8;4;8000
14;81;1;1;10;2;7500
23;97;1;1;1;3;18800
10;78;2;1;1;4;21000
22;95;2;1;4;2;5600
19;170;1;1;1;4;26000
31;165;7;1;3;2;14500
15;83;1;1;1;4;24000
19;85;1;1;2;2;13800
4;115;1;1;1;3;11200
10;165;1;1;5;3;17750
22;95;2;1;1;3;4600
4;107;2;1;3;2;5400
14;73;1;1;3;4;4000
10;173;2;1;1;3;16200
4;165;7;1;1;2;11250
17;70;6;1;1;4;6600
36;165;4;1;5;4;4000
7;154;4;1;4;5;18000
7;154;3;1;4;5;13700
7;12;2;1;4;4;15600
7;154;3;1;1;2;8500
7;129;2;1;4;3;11600
7;12;2;1;5;2;11600
7;154;3;1;4;3;12700
7;154;3;1;2;4;12900
7;129;2;1;5;5;11700
7;154;3;1;4;4;12800
7;154;4;1;3;1;10300
7;143;19;1;1;5;25500
7;138;1;1;8;4;28000
7;127;1;1;2;5;16700
7;154;3;1;2;1;11300
7;138;1;1;1;5;29750
27;134;1;1;13;3;14500
7;143;19;1;2;3;23250
7;138;1;1;3;4;26300
7;133;2;1;4;5;10800
7;133;6;1;3;4;9800
7;154;3;1;4;1;8000
7;129;2;1;2;3;11800
28;165;5;1;4;4;12000
7;146;13;1;1;3;19000
7;12;2;1;2;3;14200
7;148;1;1;3;5;31750
7;154;3;1;4;4;15000
7;154;3;1;8;5;13900
27;134;1;1;5;3;15200
28;165;5;1;2;4;12500
7;154;4;1;5;3;17700
7;133;6;1;5;4;10700
7;12;2;1;5;3;13500
7;154;3;1;3;2;12100
7;129;2;1;12;5;12000
7;129;2;1;2;4;13500
7;129;2;1;2;1;5700
27;134;1;1;13;3;14700
7;154;3;1;4;4;17600
7;127;1;1;1;4;18600
7;144;20;1;1;5;19800
7;133;6;1;4;5;10400
7;133;6;1;2;5;9800
28;165;5;1;3;4;13000
7;138;1;1;3;3;25250
7;154;3;1;2;4;18200
7;154;4;2;8;2;12400
7;154;4;1;2;2;6700
7;12;2;1;1;4;16800
7;12;2;1;4;4;14700
7;12;2;1;1;4;19500
7;143;22;1;1;3;28500
7;138;1;1;5;5;28800
7;154;4;1;1;5;18700
7;129;2;1;2;1;5500
7;129;6;1;2;4;12900
28;165;5;1;1;4;12000
7;148;1;1;3;4;31300
7;154;3;1;5;4;17200
7;129;6;1;2;4;13600
7;154;3;1;3;2;12200
7;154;3;1;2;4;19000
7;132;7;1;1;1;28100
7;127;1;1;8;1;8500
28;165;5;1;7;4;12600
7;148;1;1;3;5;32200
7;127;1;1;1;1;8000
7;154;3;1;1;4;14000
7;138;1;1;2;4;27800
7;144;20;1;1;2;18000
7;148;1;1;2;5;26000
7;127;1;1;5;1;13700
7;143;19;1;1;4;29000
7;146;13;1;1;4;20400
7;133;6;2;3;5;17900
7;154;3;1;3;1;12300
7;129;2;1;3;3;11700
7;127;1;1;3;4;15700
7;138;1;1;2;5;28900
7;127;1;1;2;4;12500
7;12;2;1;3;2;9600
7;143;19;1;4;3;23500
7;129;6;1;1;4;12300
7;144;20;1;1;2;17500
7;129;2;1;1;4;11600
7;154;3;1;3;3;11100
7;129;2;1;4;1;9000
7;129;6;1;1;5;13300
7;154;4;1;10;4;16500
7;129;6;1;4;2;8300
7;138;1;1;5;5;28900
