Elevation;Aspect;Slope;H_Hydrology;V_Hydrology;H_Ignition;Cover
2596;51;3;258;0;6279;Aspen
2590;56;2;212;-6;6225;Aspen
2804;139;9;268;65;6121;Lodgepole pine
2511;54;8;124;0;5569;Aspen
2507;22;9;120;14;5534;Aspen
2492;135;6;0;0;5494;Aspen
2489;163;10;30;-4;5486;Aspen
2962;148;16;323;23;3395;Lodgepole pine
2811;135;1;212;30;5643;Lodgepole pine
2739;117;24;127;53;6033;Aspen
2703;122;30;67;27;6123;Aspen
2522;105;7;120;1;5569;Aspen
2519;102;6;124;4;5559;Aspen
2516;23;6;150;4;5541;Aspen
2515;41;9;162;4;5532;Aspen
2900;45;19;242;20;4115;Lodgepole pine
2709;125;28;67;23;6094;Aspen
2511;92;7;182;18;5494;Aspen
2749;98;30;124;53;6005;Aspen
2686;354;12;0;0;6155;Aspen
2699;347;3;0;0;6853;Spruce/fir
2570;346;2;0;0;5745;Lodgepole pine
2533;71;9;150;-3;5552;Aspen
2703;330;27;30;17;6186;Aspen
2678;128;5;95;23;6546;Lodgepole pine
2529;68;8;210;-5;5484;Aspen
2524;94;7;212;-4;5474;Aspen
2536;99;6;234;0;5475;Aspen
2498;66;6;95;7;5357;Aspen
2489;100;7;85;13;5334;Aspen
2713;117;30;60;17;6039;Aspen
2739;323;25;85;43;6219;Spruce/fir
2696;72;2;30;0;6071;Spruce/fir
2510;79;14;192;19;5325;Aspen
2502;81;7;175;11;5316;Aspen
2722;315;24;30;19;6132;Spruce/fir
2500;74;11;190;9;5279;Aspen
2486;68;5;180;-4;5262;Aspen
2489;11;4;175;13;5254;Aspen
2489;42;6;162;13;5247;Aspen
2490;75;5;134;17;5218;Aspen
2952;107;11;42;7;3509;Lodgepole pine
2705;90;8;134;22;6615;Lodgepole pine
2507;40;7;153;10;5221;Aspen
2500;49;14;150;27;5205;Aspen
2493;63;10;127;20;5197;Aspen
2509;59;7;134;10;5184;Aspen
2919;13;13;90;6;4060;Spruce/fir
2740;54;6;218;42;6686;Lodgepole pine
2640;80;8;180;-2;5866;Lodgepole pine
2843;166;12;242;53;4956;Lodgepole pine
3008;45;14;277;10;3036;Lodgepole pine
2893;114;16;108;30;4340;Lodgepole pine
2850;6;9;0;0;4548;Lodgepole pine
2628;30;10;240;19;5645;Lodgepole pine
2864;118;18;201;74;4849;Lodgepole pine
2827;160;28;134;65;5474;Lodgepole pine
2529;326;5;30;14;5047;Lodgepole pine
2808;99;7;382;95;6341;Spruce/fir
2840;153;26;134;42;4833;Lodgepole pine
2795;79;10;531;96;6497;Spruce/fir
2746;143;16;67;22;6597;Lodgepole pine
2847;352;26;150;82;5796;Spruce/fir
2840;14;14;216;88;5944;Spruce/fir
2537;42;7;210;17;4919;Lodgepole pine
2860;358;17;175;98;5800;Spruce/fir
2818;332;26;30;17;4978;Lodgepole pine
2801;18;7;560;58;6457;Lodgepole pine
2791;63;10;418;48;6606;Lodgepole pine
2745;306;11;67;24;6428;Lodgepole pine
2514;102;6;272;-5;4811;Lodgepole pine
2788;13;16;30;8;5396;Lodgepole pine
2562;354;12;67;9;5031;Lodgepole pine
3073;173;12;108;-3;2735;Lodgepole pine
2978;71;10;426;85;3792;Lodgepole pine
2860;31;10;295;98;5904;Spruce/fir
3067;164;11;85;7;2774;Lodgepole pine
2804;72;5;543;61;6471;Lodgepole pine
2562;59;3;0;0;5091;Lodgepole pine
2567;34;9;190;16;4924;Lodgepole pine
2998;45;8;351;16;3721;Lodgepole pine
2684;84;12;150;2;5693;Lodgepole pine
2676;42;11;150;-5;5655;Lodgepole pine
2723;99;6;301;34;5793;Lodgepole pine
3070;0;11;30;-6;2858;Lodgepole pine
3057;124;12;150;53;3211;Lodgepole pine
2818;119;19;30;10;4497;Lodgepole pine
2847;320;33;85;39;4727;Lodgepole pine
2606;112;11;30;4;5106;Lodgepole pine
2893;83;6;551;101;5755;Lodgepole pine
2716;1;10;234;27;5581;Lodgepole pine
2644;125;20;67;25;5168;Lodgepole pine
2613;37;5;216;34;4818;Lodgepole pine
2929;356;12;0;0;4017;Lodgepole pine
2767;307;12;30;8;6192;Lodgepole pine
2991;49;13;85;0;3613;Spruce/fir
2939;56;18;95;20;4224;Lodgepole pine
2537;7;12;0;0;4509;Lodgepole pine
3119;119;7;162;10;2556;Lodgepole pine
2942;346;12;30;3;3900;Spruce/fir
2886;12;7;570;94;5518;Spruce/fir
2775;344;13;42;7;6177;Lodgepole pine
2490;79;9;240;13;4184;Lodgepole pine
3106;228;18;658;108;1655;Spruce/fir
2831;284;24;60;23;4611;Lodgepole pine
2837;112;8;272;16;6221;Lodgepole pine
2890;299;23;180;79;4734;Lodgepole pine
2824;135;5;218;6;6316;Lodgepole pine
2728;135;3;242;32;5515;Lodgepole pine
2962;88;16;190;23;3811;Spruce/fir
3142;220;11;424;69;1989;Lodgepole pine
2847;2;6;175;10;6194;Lodgepole pine
2536;34;5;242;16;4201;Lodgepole pine
3168;95;6;30;0;1239;Spruce/fir
2926;289;24;210;99;4814;Spruce/fir
2893;21;6;295;36;5865;Lodgepole pine
2687;20;11;150;39;4936;Lodgepole pine
3109;211;17;424;55;2017;Lodgepole pine
3119;200;20;60;0;2377;Lodgepole pine
2916;349;10;488;36;5502;Spruce/fir
2795;18;3;218;17;6073;Lodgepole pine
2555;58;14;285;19;4159;Lodgepole pine
2499;42;13;497;-7;3950;Lodgepole pine
3027;173;11;335;42;1900;Spruce/fir
3096;160;15;85;16;2310;Spruce/fir
2916;105;13;268;89;4417;Lodgepole pine
2591;42;12;350;22;4224;Lodgepole pine
3185;328;16;127;13;1392;Spruce/fir
3021;221;10;324;39;1937;Spruce/fir
3083;257;4;510;-25;2873;Lodgepole pine
2860;276;33;60;33;4759;Lodgepole pine
3008;196;15;228;20;1924;Lodgepole pine
3034;189;14;384;66;2012;Spruce/fir
2873;130;16;67;16;6091;Lodgepole pine
3182;49;13;319;7;1513;Spruce/fir
2998;102;12;384;158;4121;Lodgepole pine
2658;357;20;300;54;4286;Lodgepole pine
3175;15;7;366;92;1584;Spruce/fir
2952;8;7;488;125;5192;Spruce/fir
2622;95;12;484;39;4086;Lodgepole pine
2955;288;21;247;128;4968;Lodgepole pine
2837;66;9;201;23;6341;Lodgepole pine
3182;45;3;458;109;1661;Spruce/fir
3077;129;3;618;43;3261;Lodgepole pine
2755;320;4;30;-1;5468;Lodgepole pine
3047;28;11;600;13;3540;Spruce/fir
2880;86;12;30;3;5906;Lodgepole pine
3221;292;3;424;49;1710;Spruce/fir
3182;115;10;553;10;1768;Spruce/fir
3064;29;24;150;46;2148;Spruce/fir
2827;332;15;42;9;6067;Lodgepole pine
2518;107;5;360;39;3522;Lodgepole pine
3050;180;4;277;-3;2721;Spruce/fir
3107;356;12;283;89;2069;Spruce/fir
2995;173;15;268;135;4135;Lodgepole pine
2721;164;4;67;-2;4191;Lodgepole pine
3182;116;7;579;10;1854;Spruce/fir
2724;132;11;60;-2;4875;Lodgepole pine
2515;90;9;313;39;3451;Lodgepole pine
3017;46;22;212;52;2352;Spruce/fir
3077;256;4;618;210;3734;Lodgepole pine
2929;338;8;190;39;6106;Lodgepole pine
2735;127;12;67;6;4924;Lodgepole pine
2893;319;20;150;43;4667;Lodgepole pine
3231;45;4;648;59;1921;Spruce/fir
2560;89;10;218;34;3505;Lodgepole pine
3162;43;15;484;144;2188;Spruce/fir
2982;188;14;120;-2;2750;Spruce/fir
2731;66;5;0;0;4873;Lodgepole pine
3172;50;11;759;0;2037;Spruce/fir
2916;138;21;127;49;4206;Lodgepole pine
2890;63;17;153;35;5757;Lodgepole pine
2704;45;10;323;22;3734;Lodgepole pine
3198;23;18;604;180;2285;Spruce/fir
2985;214;5;342;63;3195;Lodgepole pine
3011;323;21;443;161;4910;Lodgepole pine
3024;312;18;474;177;4961;Lodgepole pine
2763;7;12;85;17;4788;Lodgepole pine
3244;56;16;618;76;2225;Spruce/fir
2955;9;10;85;10;2819;Spruce/fir
3201;10;13;984;180;2289;Spruce/fir
2972;36;25;30;0;2816;Spruce/fir
2985;167;13;458;66;3519;Lodgepole pine
2539;23;17;90;15;3115;Lodgepole pine
3001;260;8;720;134;3903;Lodgepole pine
2952;51;10;150;16;2960;Spruce/fir
2962;211;13;255;43;3337;Lodgepole pine
3004;0;12;484;85;5840;Spruce/fir
2727;45;4;124;21;4245;Lodgepole pine
3004;167;17;603;137;4031;Lodgepole pine
2886;22;8;285;31;5557;Lodgepole pine
3024;344;8;600;105;5764;Spruce/fir
3034;187;14;335;148;4921;Lodgepole pine
2903;279;13;190;26;5904;Lodgepole pine
2926;245;4;30;7;3331;Spruce/fir
2942;200;16;180;23;3470;Lodgepole pine
2991;54;13;495;65;6214;Lodgepole pine
2742;116;9;150;21;4314;Lodgepole pine
2606;356;18;67;26;3174;Lodgepole pine
3244;326;5;750;53;2460;Spruce/fir
3237;27;14;997;36;2506;Spruce/fir
2616;359;24;42;15;3186;Lodgepole pine
2913;16;11;457;58;5568;Lodgepole pine
2813;48;7;201;35;4729;Lodgepole pine
2530;149;1;319;51;2726;Lodgepole pine
3260;45;7;503;69;2531;Spruce/fir
3047;90;3;870;128;5635;Lodgepole pine
2955;60;20;201;33;3248;Spruce/fir
2893;77;13;85;7;4682;Lodgepole pine
2965;38;24;247;49;3315;Spruce/fir
3037;230;15;570;151;5238;Lodgepole pine
3027;152;10;792;108;5912;Lodgepole pine
2756;70;16;120;35;4210;Lodgepole pine
2939;325;6;510;62;5584;Lodgepole pine
3198;126;9;418;23;2858;Spruce/fir
3195;90;7;362;20;2880;Spruce/fir
2975;222;6;360;89;4519;Lodgepole pine
2890;84;13;30;4;4761;Lodgepole pine
3018;109;10;815;132;5486;Lodgepole pine
3011;85;5;842;85;5975;Lodgepole pine
3221;79;16;618;20;2868;Spruce/fir
3004;135;7;811;78;6017;Lodgepole pine
2572;49;20;384;53;2509;Lodgepole pine
3260;128;11;743;46;2854;Spruce/fir
3168;25;4;30;0;3180;Spruce/fir
2878;349;12;67;0;4924;Lodgepole pine
3198;9;8;301;23;3076;Spruce/fir
2975;260;8;391;66;5262;Lodgepole pine
3178;38;10;0;0;3248;Spruce/fir
2995;176;10;690;86;5533;Lodgepole pine
2913;144;8;210;20;4733;Lodgepole pine
2982;175;9;424;56;6500;Spruce/fir
2945;209;12;362;36;5354;Lodgepole pine
2995;143;2;631;23;6349;Spruce/fir
2942;0;3;0;0;6062;Lodgepole pine
2945;288;5;0;0;6034;Lodgepole pine
2959;288;8;120;14;5920;Lodgepole pine
2796;114;13;60;8;3934;Lodgepole pine
2785;315;2;60;-2;3829;Lodgepole pine
2784;325;17;153;33;3198;Lodgepole pine
2789;320;15;182;50;3174;Lodgepole pine
2922;162;19;240;22;4536;Lodgepole pine
3008;135;3;931;36;6096;Lodgepole pine
2978;73;10;323;49;6368;Lodgepole pine
2892;54;11;134;12;4457;Lodgepole pine
2521;45;10;42;2;2066;Lodgepole pine
2985;72;7;497;13;6482;Spruce/fir
3057;39;19;626;144;3955;Spruce/fir
2829;78;9;60;8;4187;Lodgepole pine
3201;331;5;0;0;3460;Spruce/fir
3136;329;13;789;-13;3798;Spruce/fir
2548;355;14;60;7;2058;Lodgepole pine
2962;89;9;42;3;6046;Lodgepole pine
2808;15;13;201;20;3651;Lodgepole pine
2749;87;12;516;43;2797;Lodgepole pine
3155;328;14;849;-19;3871;Spruce/fir
2991;285;11;849;98;6068;Lodgepole pine
2968;108;5;306;49;5265;Lodgepole pine
2932;77;13;108;21;5067;Lodgepole pine
2808;356;7;153;3;3757;Lodgepole pine
2794;106;4;210;37;3079;Spruce/fir
3080;24;17;659;167;4176;Spruce/fir
2936;52;16;180;27;4456;Spruce/fir
2913;261;10;313;10;5517;Lodgepole pine
2919;232;8;323;19;5539;Lodgepole pine
2978;257;6;85;13;5905;Lodgepole pine
2574;312;14;134;32;1924;Lodgepole pine
3142;59;21;730;-32;4070;Spruce/fir
2804;15;10;212;47;3031;Spruce/fir
2595;9;14;42;19;2010;Lodgepole pine
2929;232;8;366;33;5776;Lodgepole pine
3001;246;9;764;101;6227;Lodgepole pine
2813;94;7;371;56;2872;Lodgepole pine
2988;342;6;192;26;5836;Lodgepole pine
3175;59;18;612;0;4184;Spruce/fir
2861;0;6;134;10;3972;Lodgepole pine
2804;61;7;362;10;2825;Lodgepole pine
3001;78;10;335;29;6310;Spruce/fir
2914;141;9;277;18;4430;Lodgepole pine
2668;41;17;283;68;2240;Lodgepole pine
3185;129;12;481;10;4273;Spruce/fir
2913;216;9;268;20;5983;Spruce/fir
3168;72;5;418;-6;4394;Spruce/fir
2955;30;9;30;3;5370;Lodgepole pine
2932;100;7;30;-6;5166;Lodgepole pine
3234;0;11;658;26;4109;Spruce/fir
3201;53;7;488;26;4255;Spruce/fir
2903;236;5;212;10;6046;Spruce/fir
2874;352;2;400;19;3653;Lodgepole pine
2903;254;6;212;3;6195;Spruce/fir
2800;45;12;0;0;2958;Spruce/fir
3257;336;9;693;52;4246;Spruce/fir
3188;278;5;210;13;4526;Spruce/fir
2952;62;8;192;30;5251;Lodgepole pine
2932;237;16;342;36;6409;Spruce/fir
3050;281;4;630;85;6162;Lodgepole pine
2955;285;11;212;19;5057;Lodgepole pine
2791;41;17;458;-18;2294;Lodgepole pine
3172;162;3;180;7;4624;Spruce/fir
3116;69;14;297;-6;4802;Spruce/fir
2895;51;10;162;0;4002;Lodgepole pine
3182;122;6;134;7;4585;Spruce/fir
3024;81;9;218;49;5114;Lodgepole pine
2962;251;9;480;66;6356;Lodgepole pine
2978;27;4;192;13;5502;Lodgepole pine
2952;40;12;323;0;5268;Lodgepole pine
2945;348;13;255;32;4425;Lodgepole pine
3149;188;7;134;17;4831;Spruce/fir
2833;150;15;242;23;2407;Spruce/fir
3136;185;10;42;4;4858;Spruce/fir
2851;49;13;268;46;3037;Lodgepole pine
2933;111;8;300;20;4221;Lodgepole pine
2810;110;6;421;0;2178;Spruce/fir
3267;85;10;484;62;4518;Spruce/fir
3188;30;16;85;13;4753;Spruce/fir
2955;37;5;426;42;4475;Lodgepole pine
3001;276;9;752;103;6012;Lodgepole pine
3008;281;10;780;110;5998;Lodgepole pine
2942;28;5;391;29;4228;Lodgepole pine
2921;331;9;395;8;4024;Lodgepole pine
2985;315;5;361;20;5570;Lodgepole pine
2978;289;14;570;42;5007;Lodgepole pine
2889;51;20;362;66;3049;Lodgepole pine
2814;103;3;210;4;2316;Lodgepole pine
2938;127;9;408;107;3239;Lodgepole pine
2828;95;11;127;15;2714;Lodgepole pine
3146;95;12;240;-28;5052;Spruce/fir
2977;94;8;466;12;4676;Lodgepole pine
3034;45;2;680;46;5490;Lodgepole pine
3083;61;19;192;-9;5380;Spruce/fir
3044;23;5;210;-25;5476;Spruce/fir
2982;90;8;242;-35;5609;Spruce/fir
2901;176;15;256;49;3360;Lodgepole pine
2995;66;6;247;13;5126;Lodgepole pine
2528;151;6;108;4;390;Lodgepole pine
3188;112;8;60;3;5166;Spruce/fir
2939;243;24;400;41;5753;Lodgepole pine
3008;215;11;696;112;5600;Lodgepole pine
3021;238;9;815;125;5543;Lodgepole pine
2937;80;11;330;15;4354;Lodgepole pine
2844;317;10;67;20;2724;Lodgepole pine
2781;13;3;351;25;1707;Lodgepole pine
2945;252;18;421;47;5686;Lodgepole pine
2857;143;12;85;8;3161;Lodgepole pine
3021;53;7;258;-12;5720;Spruce/fir
2919;141;3;192;3;6047;Spruce/fir
2800;185;9;170;22;2001;Lodgepole pine
2773;151;18;350;119;983;Aspen
2759;144;17;300;105;895;Aspen
2714;117;20;242;93;779;Aspen
2671;109;26;175;55;664;Aspen
2975;126;9;120;3;4928;Lodgepole pine
2775;148;19;335;101;1061;Aspen
2746;149;18;268;92;912;Aspen
2743;148;19;255;89;883;Aspen
2717;108;16;201;79;794;Aspen
2751;136;14;277;77;967;Aspen
2739;131;14;242;75;908;Aspen
2733;133;16;228;79;878;Aspen
2716;117;15;175;62;789;Aspen
2611;99;14;30;2;495;Aspen
3073;123;11;0;0;5654;Spruce/fir
3060;167;18;95;16;5755;Lodgepole pine
2899;120;8;162;19;4034;Lodgepole pine
2861;107;8;30;0;3406;Lodgepole pine
2853;351;3;0;0;3287;Lodgepole pine
2785;202;8;134;18;1860;Lodgepole pine
2723;127;16;190;69;845;Aspen
2656;110;23;85;35;636;Aspen
3064;194;10;30;4;5721;Spruce/fir
3050;167;16;67;6;5783;Lodgepole pine
3004;141;13;124;3;5934;Lodgepole pine
2952;58;10;201;16;6078;Lodgepole pine
3034;68;12;362;43;5100;Spruce/fir
2703;130;20;127;49;780;Aspen
2685;128;23;95;31;722;Aspen
2661;119;25;67;23;663;Aspen
3057;101;4;0;0;5740;Spruce/fir
3050;139;13;30;-3;5770;Spruce/fir
3060;342;5;495;69;5139;Spruce/fir
2945;49;14;0;0;4737;Spruce/fir
2704;123;18;124;40;797;Aspen
2676;129;24;67;22;713;Aspen
2621;81;14;0;0;571;Aspen
3060;45;13;30;3;5768;Spruce/fir
2975;136;15;124;7;6039;Lodgepole pine
3067;21;4;518;76;5125;Spruce/fir
2719;128;16;150;45;874;Aspen
2638;86;15;0;0;618;Aspen
2700;115;19;67;26;779;Aspen
2673;108;22;42;9;721;Aspen
2654;71;11;0;0;664;Aspen
2664;50;12;0;0;684;Aspen
3050;80;8;360;59;4978;Spruce/fir
2858;125;8;268;7;3034;Lodgepole pine
2854;163;9;285;5;2974;Lodgepole pine
3047;56;11;95;29;5994;Spruce/fir
2873;351;6;201;11;3242;Lodgepole pine
2680;23;12;0;0;730;Aspen
2676;9;14;30;2;700;Aspen
2678;9;15;42;7;641;Aspen
2839;120;9;190;23;2612;Lodgepole pine
2792;86;7;228;4;2282;Lodgepole pine
3103;74;11;201;49;5920;Spruce/fir
2995;6;14;201;13;4670;Lodgepole pine
2702;90;1;0;0;932;Lodgepole pine
2991;282;8;268;32;4582;Spruce/fir
3004;31;6;180;13;4624;Lodgepole pine
2919;117;6;150;0;6349;Lodgepole pine
2945;258;14;376;45;5134;Lodgepole pine
3054;270;1;390;63;4830;Lodgepole pine
2978;75;5;295;50;4455;Spruce/fir
2915;81;8;0;0;4260;Lodgepole pine
2756;30;4;150;2;1770;Lodgepole pine
2717;155;4;0;0;1230;Lodgepole pine
2928;315;1;150;23;4050;Lodgepole pine
2770;95;3;258;7;2011;Lodgepole pine
2656;77;23;283;-23;518;Lodgepole pine
2750;124;5;150;9;1565;Lodgepole pine
2907;45;7;350;13;3783;Lodgepole pine
2781;65;13;42;6;2465;Lodgepole pine
2715;203;5;124;-1;1120;Lodgepole pine
2968;338;11;216;23;6508;Spruce/fir
2739;130;8;134;26;1366;Lodgepole pine
2922;129;3;218;18;4027;Lodgepole pine
2792;101;6;108;29;2442;Lodgepole pine
3064;90;8;371;23;6357;Spruce/fir
3041;243;14;513;50;4636;Lodgepole pine
2888;32;8;470;72;3164;Lodgepole pine
3080;180;1;247;39;6347;Spruce/fir
2613;132;27;170;55;558;Lodgepole pine
2978;135;4;108;13;6576;Spruce/fir
2952;353;12;0;0;4105;Spruce/fir
2773;81;14;108;24;2338;Lodgepole pine
3057;90;8;390;16;6452;Spruce/fir
3064;45;16;228;60;4361;Lodgepole pine
2742;174;9;268;23;1725;Lodgepole pine
2677;167;16;85;9;953;Lodgepole pine
2567;140;18;60;9;492;Lodgepole pine
2739;142;6;228;20;1761;Lodgepole pine
3001;267;14;641;101;4570;Lodgepole pine
3014;5;31;95;54;3973;Spruce/fir
2584;343;13;150;39;480;Lodgepole pine
2902;104;6;558;89;3107;Lodgepole pine
3047;155;9;424;85;6661;Spruce/fir
2909;212;6;212;50;3586;Lodgepole pine
2910;198;5;234;51;3556;Lodgepole pine
3011;108;10;212;36;6632;Spruce/fir
2998;68;8;124;23;6557;Spruce/fir
3011;263;12;674;111;4386;Lodgepole pine
3008;24;12;309;36;3950;Spruce/fir
3004;18;10;192;29;3899;Spruce/fir
3031;81;6;513;27;4002;Spruce/fir
2939;288;5;379;39;4506;Lodgepole pine
2949;277;12;437;49;4471;Lodgepole pine
3028;323;9;242;53;3771;Spruce/fir
2900;315;1;90;0;4667;Lodgepole pine
2932;96;7;247;17;5585;Lodgepole pine
2909;72;5;324;5;5006;Lodgepole pine
2909;0;3;350;5;4985;Lodgepole pine
2900;180;3;300;-2;4880;Lodgepole pine
2867;143;12;437;114;2963;Lodgepole pine
3047;356;10;618;75;3811;Spruce/fir
2617;15;14;30;0;1383;Lodgepole pine
2998;340;7;108;16;6224;Lodgepole pine
2962;276;7;497;47;5658;Lodgepole pine
2759;160;12;120;35;2462;Lodgepole pine
2646;9;33;60;9;1518;Lodgepole pine
3027;217;17;700;127;4011;Lodgepole pine
2963;121;13;175;0;3360;Lodgepole pine
2919;117;15;175;33;3311;Spruce/fir
2690;343;24;120;34;1645;Lodgepole pine
2660;3;9;297;60;1249;Lodgepole pine
2955;235;21;451;55;4074;Lodgepole pine
2953;120;13;134;3;3297;Lodgepole pine
2887;124;17;95;13;3273;Spruce/fir
3014;338;8;150;23;6169;Lodgepole pine
2995;62;11;484;17;5849;Spruce/fir
2965;142;6;0;0;3283;Spruce/fir
2982;47;9;437;-7;5641;Lodgepole pine
2739;311;10;270;80;1742;Lodgepole pine
2983;5;5;400;-6;5600;Lodgepole pine
2916;243;3;335;16;4030;Lodgepole pine
3047;135;3;932;141;3591;Spruce/fir
2751;270;2;0;0;2912;Spruce/fir
2690;318;7;514;78;1310;Lodgepole pine
2599;89;10;30;-1;1233;Lodgepole pine
2919;264;7;408;19;3945;Lodgepole pine
2975;253;12;616;59;3739;Lodgepole pine
2617;83;9;127;16;1290;Lodgepole pine
2574;92;7;0;0;1318;Lodgepole pine
2939;19;11;60;7;5016;Lodgepole pine
2915;45;10;60;0;3018;Spruce/fir
2765;41;5;0;0;3107;Spruce/fir
2784;348;13;170;37;2687;Lodgepole pine
2850;108;22;42;14;2971;Spruce/fir
2919;236;7;350;16;3853;Lodgepole pine
2995;233;14;638;89;3487;Lodgepole pine
2817;32;15;390;74;2613;Lodgepole pine
2932;18;2;485;13;4597;Lodgepole pine
2826;11;7;366;73;2704;Lodgepole pine
2795;47;10;451;95;2389;Lodgepole pine
2760;62;5;547;66;2079;Lodgepole pine
2700;76;9;433;-15;1691;Lodgepole pine
3001;238;9;592;92;3379;Lodgepole pine
2699;165;3;390;2;1670;Lodgepole pine
2730;79;6;270;14;1883;Lodgepole pine
2655;82;8;384;104;1634;Lodgepole pine
2644;46;14;319;93;1624;Lodgepole pine
2998;252;12;553;89;3271;Lodgepole pine
2854;28;8;446;99;2912;Lodgepole pine
2809;63;8;458;36;2486;Lodgepole pine
2633;94;19;258;82;1651;Lodgepole pine
2588;152;10;182;47;1654;Lodgepole pine
2811;84;10;433;38;2506;Lodgepole pine
2926;208;15;300;20;3446;Lodgepole pine
2839;71;14;488;66;2616;Lodgepole pine
2689;179;11;210;2;1851;Lodgepole pine
3015;66;19;335;22;4847;Lodgepole pine
2995;62;14;362;5;4795;Lodgepole pine
2938;159;7;285;22;2656;Lodgepole pine
2929;130;8;150;17;2590;Lodgepole pine
2851;107;11;458;78;2698;Lodgepole pine
2949;122;14;379;28;2714;Lodgepole pine
2596;33;14;335;66;1321;Lodgepole pine
2939;45;8;306;26;4080;Lodgepole pine
2805;44;17;170;32;2436;Lodgepole pine
3074;52;9;42;4;5353;Spruce/fir
2932;54;16;283;119;2418;Lodgepole pine
2868;29;20;95;33;2468;Spruce/fir
2864;128;8;451;63;2713;Lodgepole pine
2946;352;14;170;35;2352;Lodgepole pine
3021;25;12;564;21;4662;Spruce/fir
3018;49;14;631;22;4569;Lodgepole pine
2863;193;6;390;62;2577;Lodgepole pine
2978;156;6;524;61;2688;Lodgepole pine
2945;63;12;324;110;2278;Lodgepole pine
2618;7;18;170;47;1866;Lodgepole pine
2968;120;9;365;51;2557;Lodgepole pine
2734;93;5;277;16;2445;Lodgepole pine
2728;83;11;277;19;2416;Lodgepole pine
2762;190;5;30;-3;2647;Lodgepole pine
2922;270;5;120;9;3582;Lodgepole pine
2926;61;11;90;9;2375;Lodgepole pine
2962;346;6;518;45;2514;Lodgepole pine
2624;183;27;60;22;2374;Lodgepole pine
2917;107;5;210;33;2125;Lodgepole pine
2644;345;3;85;-4;1426;Lodgepole pine
2645;45;4;134;-3;1368;Lodgepole pine
3024;24;16;297;26;4161;Spruce/fir
2651;40;14;242;4;1783;Lodgepole pine
2936;231;7;285;30;2571;Lodgepole pine
2813;127;14;60;12;2313;Aspen
2617;344;19;30;6;2506;Lodgepole pine
2952;281;5;212;33;2022;Lodgepole pine
2968;286;17;283;41;1992;Lodgepole pine
2992;228;6;458;79;1919;Lodgepole pine
2976;124;9;277;39;1891;Lodgepole pine
2796;131;9;0;0;2323;Aspen
2955;311;9;421;49;2428;Lodgepole pine
2917;175;13;30;0;1907;Spruce/fir
2821;72;20;90;20;2247;Aspen
2794;179;20;124;29;2408;Lodgepole pine
2661;266;4;67;4;1499;Lodgepole pine
2793;119;17;30;-2;2274;Aspen
2976;315;19;319;58;1917;Lodgepole pine
2807;115;21;85;11;2215;Aspen
3109;87;13;446;16;4669;Lodgepole pine
3109;53;7;362;42;4310;Spruce/fir
2792;109;19;67;8;2208;Aspen
2775;121;16;30;-3;2244;Aspen
3113;14;13;376;23;4380;Spruce/fir
2919;341;9;467;3;3187;Spruce/fir
2757;129;12;0;0;2259;Aspen
2952;41;14;335;13;3375;Spruce/fir
2764;91;15;42;7;2216;Aspen
2753;109;19;60;-3;2213;Aspen
2744;122;19;30;1;2232;Aspen
2736;138;18;0;0;2252;Aspen
2954;156;10;301;79;1657;Lodgepole pine
2662;138;23;30;8;2588;Lodgepole pine
2988;69;14;228;3;3596;Lodgepole pine
2965;72;14;361;6;3383;Lodgepole pine
2663;118;21;30;11;2546;Lodgepole pine
2600;64;10;247;33;1195;Lodgepole pine
2942;71;16;499;3;3211;Spruce/fir
2718;90;18;30;-2;2207;Aspen
2695;168;19;30;-1;2291;Aspen
2669;31;3;342;17;1559;Lodgepole pine
2753;103;20;108;24;2123;Aspen
2721;101;18;42;13;2185;Aspen
2686;142;10;0;0;2293;Aspen
2676;119;5;0;0;2352;Aspen
2610;135;6;272;13;1256;Lodgepole pine
2706;137;18;60;-1;2185;Aspen
2709;323;24;127;59;2563;Lodgepole pine
2676;66;3;391;24;1745;Lodgepole pine
3201;70;8;331;59;5058;Spruce/fir
2688;120;7;30;3;2227;Aspen
2685;11;2;30;4;2241;Aspen
2684;347;6;0;0;2215;Aspen
2714;329;25;127;45;2479;Lodgepole pine
2766;38;5;85;-3;2800;Aspen
2695;101;10;0;0;2101;Aspen
2690;35;6;0;0;2123;Aspen
2769;7;9;67;0;2780;Aspen
2795;126;24;153;23;1740;Lodgepole pine
2740;332;27;175;70;2432;Lodgepole pine
3009;238;7;446;42;1631;Lodgepole pine
2964;84;19;124;32;1434;Lodgepole pine
2783;332;30;255;114;2467;Lodgepole pine
2781;56;9;190;5;2630;Aspen
2775;40;8;134;0;2673;Aspen
2781;39;3;60;11;2739;Aspen
2593;7;8;85;-5;1279;Lodgepole pine
3149;120;13;150;33;4269;Spruce/fir
3044;345;5;342;20;3538;Spruce/fir
2919;76;4;228;6;2754;Spruce/fir
2786;52;11;182;10;2609;Aspen
2780;13;8;124;4;2652;Aspen
2780;350;9;95;4;2674;Aspen
2872;79;9;0;0;1323;Lodgepole pine
2796;27;2;240;20;2546;Aspen
2790;54;10;180;14;2588;Aspen
2769;107;11;95;12;2869;Lodgepole pine
2719;48;7;361;33;2177;Lodgepole pine
2763;357;23;201;66;2032;Lodgepole pine
3011;73;9;659;7;3215;Lodgepole pine
2955;65;13;481;42;2967;Spruce/fir
3149;135;7;67;7;4310;Spruce/fir
2808;112;9;0;0;1230;Lodgepole pine
2811;352;13;228;35;2464;Lodgepole pine
3205;60;5;570;63;4817;Spruce/fir
2892;48;23;150;51;1140;Lodgepole pine
2922;293;14;283;6;2218;Lodgepole pine
2828;352;23;424;143;2086;Lodgepole pine
2598;327;7;30;0;1482;Lodgepole pine
2972;348;10;402;7;2880;Spruce/fir
2834;348;26;430;139;2005;Lodgepole pine
2810;42;14;300;64;2620;Lodgepole pine
2684;141;17;30;-1;2047;Aspen
2613;39;9;42;4;1626;Lodgepole pine
2647;234;2;323;18;1299;Lodgepole pine
2667;95;9;541;13;1293;Lodgepole pine
2942;305;8;379;13;2110;Lodgepole pine
2971;340;15;85;18;1131;Lodgepole pine
2822;308;5;234;66;2765;Lodgepole pine
2661;60;11;30;-6;1996;Aspen
2687;338;10;437;34;1350;Lodgepole pine
3103;85;8;524;-5;3589;Spruce/fir
3034;50;22;531;16;3131;Lodgepole pine
2682;28;19;60;6;2060;Aspen
2876;343;22;532;181;1894;Lodgepole pine
2802;358;6;433;50;2630;Lodgepole pine
2958;39;25;351;134;932;Lodgepole pine
2890;20;16;430;182;1723;Lodgepole pine
2707;5;18;42;6;2190;Aspen
2706;9;21;108;14;2123;Aspen
2702;27;22;120;21;2101;Aspen
2686;29;23;95;36;2036;Lodgepole pine
2727;52;17;0;0;2278;Aspen
2720;36;17;30;0;2255;Aspen
2733;44;13;30;-1;2297;Aspen
2724;349;15;67;4;2252;Aspen
2619;13;4;42;3;1691;Lodgepole pine
3195;83;11;366;53;4401;Spruce/fir
3139;106;6;531;13;3690;Spruce/fir
2929;44;16;591;65;1911;Lodgepole pine
2849;293;22;120;44;2646;Lodgepole pine
2733;90;5;60;-1;2315;Aspen
2803;333;20;182;56;1124;Lodgepole pine
2931;4;12;579;215;1621;Lodgepole pine
2871;82;14;228;47;2271;Lodgepole pine
2737;99;13;30;-5;2357;Aspen
2730;135;1;60;-9;2335;Aspen
2653;332;13;190;43;1722;Lodgepole pine
2655;21;13;741;45;1652;Lodgepole pine
2659;332;13;201;43;1749;Lodgepole pine
2665;0;10;190;32;1728;Lodgepole pine
2871;92;32;218;97;792;Lodgepole pine
2988;217;7;446;72;1437;Lodgepole pine
2920;316;29;433;186;1265;Lodgepole pine
2718;63;17;242;78;2082;Lodgepole pine
2682;66;8;547;15;1702;Lodgepole pine
2662;324;6;616;52;1765;Lodgepole pine
3096;49;14;242;26;2984;Lodgepole pine
2975;38;11;633;245;1381;Lodgepole pine
2653;93;12;511;43;1833;Lodgepole pine
2876;314;26;295;121;1074;Lodgepole pine
2969;35;4;531;99;1679;Lodgepole pine
2662;119;10;531;52;1841;Lodgepole pine
2919;108;7;85;3;1841;Lodgepole pine
2738;270;12;30;7;2461;Aspen
2673;27;23;30;11;1800;Lodgepole pine
2696;276;11;120;29;1776;Lodgepole pine
2694;56;14;480;27;1782;Lodgepole pine
3024;56;17;67;6;2584;Lodgepole pine
2986;174;18;234;17;644;Lodgepole pine
2860;332;5;485;105;2905;Lodgepole pine
2690;40;11;495;-20;1820;Lodgepole pine
2987;169;17;390;43;547;Lodgepole pine
2787;96;17;218;32;2718;Lodgepole pine
2934;299;25;418;171;1044;Lodgepole pine
2712;304;7;190;45;1862;Lodgepole pine
2954;160;13;390;51;1608;Lodgepole pine
2750;68;7;30;1;2631;Aspen
3044;57;16;108;-5;2589;Lodgepole pine
2719;52;10;371;8;1935;Spruce/fir
2764;76;7;323;32;2372;Lodgepole pine
3034;61;17;212;-9;2491;Lodgepole pine
2753;230;14;175;40;2315;Lodgepole pine
3109;26;7;30;-3;2962;Spruce/fir
2936;100;13;300;20;2012;Lodgepole pine
2875;331;15;277;43;2402;Lodgepole pine
2878;273;20;134;61;738;Lodgepole pine
2856;66;14;371;36;2905;Lodgepole pine
2976;211;7;509;45;1022;Lodgepole pine
2747;9;6;150;22;2182;Lodgepole pine
2703;47;8;319;1;1813;Spruce/fir
3073;99;20;216;-12;2624;Lodgepole pine
2932;93;9;124;16;342;Lodgepole pine
2889;323;24;277;43;2315;Lodgepole pine
3146;85;9;192;33;3099;Spruce/fir
2651;64;9;127;3;1559;Lodgepole pine
2942;170;12;323;-45;2051;Lodgepole pine
2534;108;2;247;13;1395;Lodgepole pine
2774;10;7;306;39;2621;Lodgepole pine
2732;43;9;0;0;2455;Lodgepole pine
2916;228;12;67;7;1507;Lodgepole pine
2744;118;18;42;13;2334;Lodgepole pine
2711;171;6;108;9;1803;Spruce/fir
3021;68;8;201;26;2493;Spruce/fir
3032;87;12;277;71;671;Lodgepole pine
2904;53;26;30;9;256;Lodgepole pine
2866;122;6;242;46;2730;Lodgepole pine
2539;24;6;120;-3;1208;Lodgepole pine
2895;357;13;60;10;514;Spruce/fir
2903;146;10;443;42;2219;Lodgepole pine
3086;123;10;319;36;2970;Spruce/fir
3083;45;5;256;49;2850;Spruce/fir
2924;9;6;255;50;1855;Lodgepole pine
2740;56;15;162;10;2151;Lodgepole pine
3109;60;16;319;55;3031;Spruce/fir
2935;7;16;67;22;457;Lodgepole pine
2914;104;4;391;41;1995;Lodgepole pine
2686;45;2;0;0;1383;Spruce/fir
2564;44;18;67;21;1052;Lodgepole pine
3010;203;16;484;159;760;Lodgepole pine
2753;111;6;90;-3;2791;Lodgepole pine
2719;6;5;67;-3;1848;Spruce/fir
2699;45;1;60;4;1510;Spruce/fir
2925;82;5;424;51;1948;Lodgepole pine
2821;102;13;242;60;3013;Spruce/fir
2754;101;11;85;19;2148;Lodgepole pine
2693;5;12;120;0;1383;Lodgepole pine
2674;344;7;234;-2;1116;Lodgepole pine
3178;83;6;306;46;3398;Spruce/fir
2826;76;13;234;55;2970;Spruce/fir
2725;95;8;0;0;2026;Spruce/fir
2961;97;20;150;47;1218;Lodgepole pine
2939;88;7;342;57;1812;Lodgepole pine
2761;181;10;42;4;3019;Lodgepole pine
2764;148;6;175;20;2307;Lodgepole pine
2971;322;22;361;158;258;Lodgepole pine
2992;355;8;67;0;589;Spruce/fir
2525;80;7;67;-8;916;Spruce/fir
2750;60;4;0;0;2976;Lodgepole pine
2742;345;7;30;2;2033;Spruce/fir
2695;15;7;285;1;1104;Lodgepole pine
2993;346;10;300;16;175;Lodgepole pine
2972;0;16;210;20;2112;Lodgepole pine
2931;30;14;391;50;2093;Lodgepole pine
2868;188;2;108;14;2470;Lodgepole pine
2976;252;3;212;95;900;Lodgepole pine
2926;67;12;324;45;2093;Lodgepole pine
2853;293;9;42;9;2329;Spruce/fir
2719;126;11;277;-10;1302;Lodgepole pine
2624;109;14;127;14;655;Lodgepole pine
2985;90;9;295;53;1900;Lodgepole pine
2909;77;10;120;6;1499;Lodgepole pine
2911;130;30;108;52;811;Lodgepole pine
2780;357;14;85;13;2952;Lodgepole pine
2854;338;7;0;0;703;Lodgepole pine
2856;2;14;0;0;684;Lodgepole pine
2997;315;5;30;1;573;Spruce/fir
3152;65;9;120;13;3526;Spruce/fir
2945;76;10;175;42;1717;Lodgepole pine
2821;63;14;30;-4;2704;Spruce/fir
3002;166;4;258;22;120;Lodgepole pine
3030;81;14;85;22;408;Spruce/fir
3041;125;13;323;76;2308;Lodgepole pine
2878;339;20;30;15;872;Lodgepole pine
2770;51;12;120;7;1652;Lodgepole pine
2733;89;15;582;20;900;Lodgepole pine
3159;62;15;150;20;3518;Spruce/fir
3123;94;12;342;33;2758;Spruce/fir
2673;69;14;240;56;553;Lodgepole pine
2787;99;9;30;2;2136;Spruce/fir
2544;86;7;247;-16;531;Lodgepole pine
3162;55;10;190;23;3501;Lodgepole pine
2998;151;24;124;39;2117;Lodgepole pine
2972;37;7;90;16;920;Lodgepole pine
2859;113;5;42;-1;2250;Spruce/fir
2851;43;17;255;37;2771;Lodgepole pine
2601;48;11;162;-18;342;Lodgepole pine
2814;5;9;201;48;1884;Lodgepole pine
3025;96;7;234;17;726;Lodgepole pine
2955;3;13;42;3;2039;Lodgepole pine
2869;325;15;120;13;2310;Spruce/fir
3067;133;11;242;43;2771;Spruce/fir
2905;248;3;95;11;1490;Lodgepole pine
3001;17;6;323;43;1371;Lodgepole pine
2712;72;12;391;88;560;Lodgepole pine
3050;72;10;124;26;2719;Spruce/fir
2882;37;10;0;0;1040;Lodgepole pine
2962;108;9;150;4;1320;Lodgepole pine
2762;357;9;658;1;900;Lodgepole pine
3041;144;12;60;4;2781;Spruce/fir
2984;132;11;153;26;1245;Lodgepole pine
3090;131;14;124;46;2986;Spruce/fir
3008;356;16;42;7;2549;Spruce/fir
2900;66;17;42;6;1116;Lodgepole pine
3014;234;21;285;115;834;Lodgepole pine
2898;254;7;30;6;1552;Aspen
2898;114;3;60;4;1533;Aspen
2834;32;15;247;36;1561;Lodgepole pine
2780;96;5;582;21;902;Lodgepole pine
2896;276;7;30;5;1575;Aspen
2898;352;3;60;6;1556;Aspen
2838;322;14;85;22;2252;Spruce/fir
2802;91;11;540;18;1084;Lodgepole pine
2891;292;8;0;0;1617;Aspen
2902;342;3;67;4;1560;Aspen
2853;39;10;350;55;1834;Lodgepole pine
3025;194;15;342;112;1396;Lodgepole pine
2960;104;20;150;41;1663;Lodgepole pine
2932;113;15;85;19;1734;Lodgepole pine
2896;351;8;30;3;1702;Aspen
2905;353;8;42;-3;1590;Aspen
2921;258;20;108;8;1539;Aspen
3046;335;15;134;31;1055;Spruce/fir
2752;68;11;418;65;626;Lodgepole pine
2904;9;13;30;5;1687;Aspen
2906;87;10;212;42;2513;Lodgepole pine
2756;81;10;420;5;664;Lodgepole pine
2666;63;14;212;19;228;Lodgepole pine
2654;78;11;272;7;258;Lodgepole pine
2975;354;40;474;0;2250;Lodgepole pine
3131;318;13;618;85;872;Lodgepole pine
2913;321;16;95;14;1771;Aspen
2908;198;2;30;1;1689;Aspen
2910;266;4;42;2;1673;Aspen
2770;68;3;330;11;808;Lodgepole pine
2914;113;11;0;0;1747;Aspen
2905;329;1;30;-3;1714;Aspen
2917;280;11;108;4;1667;Aspen
2924;270;10;134;11;1652;Aspen
2987;236;21;365;74;1537;Lodgepole pine
2999;347;13;150;21;966;Lodgepole pine
2878;290;12;218;55;2244;Spruce/fir
2915;297;5;108;1;1860;Aspen
2918;310;11;124;10;1693;Aspen
2925;205;5;175;12;1664;Aspen
2942;5;11;60;3;1745;Lodgepole pine
2918;8;7;85;3;1884;Aspen
2931;267;16;242;18;1664;Aspen
2997;351;6;42;-2;1302;Lodgepole pine
3037;346;13;418;0;2696;Lodgepole pine
2929;75;15;95;14;1926;Aspen
3174;350;13;700;66;1050;Lodgepole pine
3082;79;2;212;32;816;Lodgepole pine
2841;96;5;295;57;1558;Lodgepole pine
2928;294;6;216;21;1744;Aspen
2939;288;10;268;26;1718;Aspen
3103;356;12;134;10;3237;Spruce/fir
3096;73;11;192;13;3133;Spruce/fir
3064;59;8;319;0;2980;Spruce/fir
2917;50;11;30;2;1939;Aspen
2920;295;9;42;5;1889;Aspen
2935;32;12;162;26;1812;Aspen
3129;38;11;190;36;3489;Spruce/fir
2924;53;14;0;0;1964;Aspen
2929;302;16;85;14;1899;Aspen
2936;22;11;201;27;1825;Aspen
2938;0;5;277;29;1785;Aspen
3004;273;14;301;93;1237;Lodgepole pine
3168;203;6;700;60;1140;Lodgepole pine
3130;110;12;421;51;1172;Lodgepole pine
2775;191;9;134;-11;1140;Lodgepole pine
2744;81;11;170;25;642;Lodgepole pine
2698;71;14;30;8;564;Lodgepole pine
2927;68;11;0;0;1989;Aspen
2941;16;8;216;27;1852;Aspen
2942;350;9;242;33;1838;Aspen
3112;133;12;210;33;999;Lodgepole pine
2931;114;6;30;4;2030;Aspen
2944;0;10;218;9;1878;Aspen
2948;1;15;277;39;1852;Aspen
3038;13;9;376;58;641;Lodgepole pine
2953;13;18;182;18;1919;Aspen
2954;344;16;242;19;1892;Aspen
2959;358;17;361;24;1804;Aspen
2980;66;15;175;-20;1369;Lodgepole pine
2749;169;4;30;-2;828;Lodgepole pine
2943;282;13;60;8;2002;Aspen
2969;2;17;330;34;1847;Aspen
3156;84;16;458;48;1195;Lodgepole pine
3060;95;22;454;136;2359;Lodgepole pine
2976;348;13;300;41;1889;Aspen
2948;79;15;120;24;1608;Spruce/fir
2851;323;11;170;5;2518;Spruce/fir
2937;325;4;30;1;2084;Aspen
3104;50;11;150;11;882;Lodgepole pine
2753;75;5;30;-1;976;Lodgepole pine
2666;132;12;42;1;690;Lodgepole pine
2955;26;8;124;5;2205;Aspen
2953;19;9;67;3;2172;Aspen
3129;44;13;722;65;2896;Lodgepole pine
2996;34;11;400;61;1889;Spruce/fir
2859;125;18;127;28;2173;Lodgepole pine
2979;265;10;242;44;2037;Spruce/fir
2955;86;9;258;41;2142;Lodgepole pine
2948;310;8;60;-1;2188;Aspen
3146;84;7;306;38;1036;Lodgepole pine
2683;98;18;67;14;812;Lodgepole pine
3159;346;12;642;102;2779;Lodgepole pine
2952;54;4;85;0;2290;Aspen
2950;328;9;30;8;2229;Aspen
2953;323;9;60;8;2215;Aspen
2861;164;9;180;30;2290;Lodgepole pine
3165;343;13;649;72;3158;Spruce/fir
2952;27;5;67;0;2315;Aspen
2954;38;5;30;6;2285;Aspen
2952;280;4;30;4;2255;Aspen
2957;270;5;60;15;2241;Aspen
2957;255;3;90;12;2227;Aspen
3188;101;8;547;95;3439;Spruce/fir
2955;27;8;42;-3;2341;Aspen
2951;84;2;0;0;2296;Aspen
3111;98;8;90;3;808;Lodgepole pine
2952;55;4;30;0;2322;Aspen
2953;270;1;42;2;2308;Aspen
3121;316;16;127;20;577;Lodgepole pine
2855;54;19;180;45;1765;Lodgepole pine
2746;43;16;60;-1;1008;Lodgepole pine
3124;109;11;218;16;902;Lodgepole pine
2963;300;8;201;21;2249;Spruce/fir
3112;338;8;95;5;664;Spruce/fir
2926;18;10;242;41;2648;Lodgepole pine
2811;114;8;330;44;1400;Lodgepole pine
2656;72;15;182;21;1006;Lodgepole pine
3064;117;20;134;49;277;Spruce/fir
3014;326;9;30;5;541;Spruce/fir
2917;317;12;108;10;2435;Lodgepole pine
3031;234;11;295;94;1774;Spruce/fir
3138;313;13;216;31;553;Lodgepole pine
3098;112;9;272;33;120;Lodgepole pine
3032;349;10;127;21;612;Spruce/fir
2982;10;18;30;7;2538;Spruce/fir
3032;339;14;95;23;518;Spruce/fir
2896;72;16;319;44;2726;Lodgepole pine
2846;135;2;0;0;2349;Spruce/fir
2995;39;18;0;0;2609;Spruce/fir
2795;144;11;258;16;1471;Lodgepole pine
2955;141;10;124;9;2147;Spruce/fir
3132;48;7;324;25;841;Spruce/fir
3241;202;12;277;50;3204;Spruce/fir
3057;86;20;42;13;2779;Spruce/fir
2977;95;10;309;18;2447;Spruce/fir
2976;87;8;210;31;1920;Lodgepole pine
2755;45;9;108;0;1290;Lodgepole pine
3160;209;10;295;60;277;Lodgepole pine
2954;45;9;67;9;2071;Lodgepole pine
2780;352;2;30;1;1451;Lodgepole pine
2940;90;4;30;0;2188;Spruce/fir
2943;169;1;60;-2;2147;Spruce/fir
3099;290;21;604;160;1533;Spruce/fir
2895;327;15;212;55;2313;Lodgepole pine
2779;15;7;0;0;1436;Lodgepole pine
2595;37;18;218;51;1357;Lodgepole pine
2951;112;7;60;9;2259;Spruce/fir
3005;259;16;324;60;1864;Spruce/fir
3035;352;7;42;2;789;Spruce/fir
3113;77;16;30;10;2987;Spruce/fir
3083;357;20;127;39;2843;Spruce/fir
3049;268;18;537;112;1660;Spruce/fir
3144;62;4;313;44;376;Spruce/fir
3049;241;2;469;29;1273;Lodgepole pine
3170;14;12;524;63;808;Spruce/fir
3054;63;5;323;30;1071;Spruce/fir
3052;311;14;85;11;816;Spruce/fir
2977;346;10;210;29;2143;Lodgepole pine
2827;71;19;124;25;1894;Lodgepole pine
2801;8;15;108;19;1584;Lodgepole pine
2653;89;20;417;109;1465;Lodgepole pine
3185;169;8;42;-2;3308;Spruce/fir
3105;350;7;90;12;285;Spruce/fir
2922;103;18;182;47;2624;Spruce/fir
2979;87;5;120;25;2490;Spruce/fir
3167;15;7;408;29;541;Spruce/fir
2898;196;6;350;65;2252;Lodgepole pine
3157;240;11;830;50;1245;Lodgepole pine
2814;355;13;95;18;1848;Lodgepole pine
3221;135;2;371;30;3693;Spruce/fir
3073;78;8;330;38;1092;Spruce/fir
3013;77;25;277;46;2755;Lodgepole pine
2959;239;8;30;1;2353;Lodgepole pine
2978;261;17;277;16;1921;Lodgepole pine
2876;116;9;162;28;2334;Lodgepole pine
3166;230;7;771;22;1167;Lodgepole pine
2763;83;14;430;13;1727;Lodgepole pine
2965;352;3;180;3;2023;Lodgepole pine
3025;62;16;484;58;1398;Spruce/fir
2683;89;13;190;13;1790;Lodgepole pine
2865;180;11;95;12;2483;Lodgepole pine
2980;59;8;212;13;1682;Lodgepole pine
2861;159;7;124;11;2588;Lodgepole pine
2679;66;11;108;9;1879;Lodgepole pine
3137;247;7;702;130;1437;Lodgepole pine
2970;73;13;150;3;1733;Lodgepole pine
2928;346;12;0;0;2534;Lodgepole pine
2975;108;1;30;0;2287;Spruce/fir
2986;295;10;190;9;1950;Spruce/fir
2717;72;12;85;9;1982;Lodgepole pine
3157;146;5;216;12;811;Spruce/fir
2978;315;6;67;-2;2458;Spruce/fir
2954;53;7;42;0;2262;Lodgepole pine
3105;341;14;127;10;1129;Spruce/fir
3109;261;12;659;102;1524;Lodgepole pine
3107;293;5;182;12;1132;Spruce/fir
2958;34;7;30;0;2067;Lodgepole pine
2668;64;13;162;-24;2185;Lodgepole pine
3114;283;6;240;19;1199;Spruce/fir
3001;57;18;180;28;1864;Spruce/fir
2963;53;9;0;0;2058;Lodgepole pine
3005;301;1;42;0;2125;Spruce/fir
3008;117;3;30;2;2644;Lodgepole pine
3118;176;13;426;23;1429;Spruce/fir
3020;20;18;300;78;2590;Lodgepole pine
2946;309;23;210;74;2536;Lodgepole pine
2893;127;9;175;20;2496;Lodgepole pine
3106;50;7;485;11;1473;Spruce/fir
2942;356;7;67;13;2596;Lodgepole pine
2941;32;4;108;12;2574;Lodgepole pine
3066;179;12;283;36;1803;Spruce/fir
3052;115;14;127;32;1956;Lodgepole pine
3183;37;14;560;88;1405;Spruce/fir
3014;101;8;30;4;2413;Spruce/fir
3048;260;11;258;24;1973;Lodgepole pine
2960;84;10;30;5;2579;Spruce/fir
2929;282;12;134;41;2321;Lodgepole pine
3042;274;8;201;17;2036;Lodgepole pine
2908;14;12;124;8;2190;Lodgepole pine
2881;59;12;228;10;2258;Lodgepole pine
2888;55;9;234;9;2220;Lodgepole pine
2782;42;6;443;-15;2634;Lodgepole pine
3246;80;7;680;98;1565;Spruce/fir
3218;111;8;558;70;1589;Spruce/fir
3145;245;16;446;84;1812;Lodgepole pine
2976;30;11;30;9;2508;Spruce/fir
3184;109;10;402;36;1710;Spruce/fir
2788;77;9;524;71;2554;Lodgepole pine
3035;98;16;192;25;2616;Lodgepole pine
3002;358;7;30;4;2405;Lodgepole pine
2944;111;8;210;15;1871;Lodgepole pine
2789;57;8;400;56;2484;Lodgepole pine
3079;57;8;0;0;2140;Spruce/fir
3112;63;23;408;97;3084;Spruce/fir
3061;276;5;42;1;2207;Lodgepole pine
3017;17;11;108;14;2317;Lodgepole pine
2808;139;14;300;6;2275;Lodgepole pine
3289;251;10;812;141;1958;Lodgepole pine
2943;82;3;30;-1;1634;Spruce/fir
2904;137;10;108;0;1883;Lodgepole pine
3152;69;11;60;4;2164;Lodgepole pine
3221;226;13;607;151;2136;Lodgepole pine
3027;18;5;242;4;1734;Lodgepole pine
2813;117;13;90;11;2038;Lodgepole pine
3105;66;8;297;30;3055;Spruce/fir
3226;41;15;531;49;3571;Spruce/fir
2952;0;4;30;2;1471;Spruce/fir
3168;250;18;430;98;2285;Lodgepole pine
3173;58;16;212;25;2300;Lodgepole pine
3156;30;11;210;8;2325;Lodgepole pine
3038;40;7;218;26;1689;Spruce/fir
2869;62;15;192;25;1674;Spruce/fir
2747;4;13;95;12;2347;Lodgepole pine
2722;8;19;134;17;2598;Lodgepole pine
3079;0;6;283;14;2646;Spruce/fir
3121;55;10;85;-1;2617;Lodgepole pine
3171;215;13;499;94;2372;Lodgepole pine
3007;16;7;297;5;1302;Spruce/fir
3080;315;16;150;22;2930;Spruce/fir
3215;41;10;408;67;2454;Lodgepole pine
3102;95;11;240;27;3271;Spruce/fir
3121;243;7;234;48;2518;Lodgepole pine
3236;63;5;553;88;2445;Lodgepole pine
3072;53;7;108;8;2675;Spruce/fir
3056;0;3;247;11;1513;Lodgepole pine
3018;15;5;300;7;1233;Lodgepole pine
3058;13;4;60;1;1634;Lodgepole pine
3091;59;13;182;16;3300;Spruce/fir
3291;27;10;691;30;3844;Spruce/fir
3087;52;17;85;20;2763;Spruce/fir
3033;45;7;175;25;1057;Spruce/fir
2827;330;18;404;86;2321;Lodgepole pine
3074;53;11;67;5;2771;Spruce/fir
3157;79;8;212;2;2791;Lodgepole pine
3018;33;7;134;10;1031;Spruce/fir
2962;100;18;242;74;1140;Lodgepole pine
3155;359;12;390;46;3022;Spruce/fir
3123;42;13;323;59;2912;Spruce/fir
3094;352;5;134;2;3187;Spruce/fir
2861;0;4;0;0;1337;Spruce/fir
3122;52;11;300;57;2943;Spruce/fir
3041;63;4;283;33;908;Spruce/fir
2877;342;13;450;131;2285;Lodgepole pine
2728;88;14;240;40;2424;Aspen
2714;73;19;212;36;2376;Aspen
3145;42;18;384;80;3022;Spruce/fir
2717;70;18;218;43;2358;Aspen
2751;76;17;313;63;2463;Aspen
2711;67;20;201;37;2316;Aspen
2695;54;13;150;20;2268;Aspen
2686;41;9;90;12;2221;Aspen
3095;13;8;95;8;1498;Spruce/fir
2738;77;11;323;60;2396;Aspen
2733;58;9;295;59;2372;Aspen
2895;30;10;30;0;1041;Spruce/fir
2710;63;17;190;36;2256;Aspen
3121;288;8;127;0;3304;Spruce/fir
3140;265;14;283;39;2902;Lodgepole pine
2868;72;20;30;15;1758;Spruce/fir
2741;64;11;342;67;2363;Aspen
2920;355;10;210;92;1967;Lodgepole pine
2744;60;13;351;70;2347;Aspen
2703;55;11;120;35;2148;Aspen
3116;45;9;153;32;3066;Spruce/fir
2807;62;22;485;119;2460;Lodgepole pine
2748;61;15;360;74;2331;Aspen
2743;64;10;330;68;2306;Aspen
2739;71;13;300;65;2264;Aspen
2709;59;11;120;43;2114;Aspen
3170;310;4;108;4;2685;Spruce/fir
3156;88;6;450;22;2021;Lodgepole pine
2938;1;11;30;3;774;Spruce/fir
2916;27;8;371;99;2078;Lodgepole pine
2779;64;23;420;105;2352;Aspen
2720;54;10;180;57;2147;Aspen
3126;34;16;85;11;3524;Spruce/fir
3212;258;21;277;73;3329;Spruce/fir
3101;322;3;0;0;3089;Lodgepole pine
2785;59;24;421;110;2337;Aspen
2774;58;23;391;100;2311;Aspen
2756;52;20;331;91;2259;Aspen
2723;53;10;182;57;2131;Aspen
2708;67;16;95;37;2055;Aspen
2960;303;20;256;52;966;Lodgepole pine
2817;64;24;484;143;2375;Aspen
2754;50;24;306;86;2218;Aspen
2731;51;12;218;65;2140;Aspen
2722;57;10;162;52;2089;Aspen
2717;62;11;134;46;2064;Aspen
3206;106;6;170;15;3154;Lodgepole pine
2850;61;20;577;176;2442;Aspen
2774;45;22;342;106;2229;Aspen
2763;54;25;313;95;2203;Aspen
2729;57;11;201;59;2099;Aspen
2715;55;12;127;38;2022;Aspen
3112;253;10;108;4;3152;Lodgepole pine
2758;61;24;295;92;2162;Aspen
2747;62;21;268;79;2136;Aspen
2714;38;11;124;41;1981;Aspen
3154;54;15;361;67;3302;Spruce/fir
3111;261;9;95;3;3182;Lodgepole pine
3212;135;8;218;21;3196;Lodgepole pine
3178;93;13;551;42;2154;Lodgepole pine
2719;54;6;134;46;1965;Aspen
3161;315;12;90;22;3556;Spruce/fir
3108;56;5;30;2;3260;Lodgepole pine
3155;111;7;395;21;1995;Lodgepole pine
2871;67;22;600;197;2391;Aspen
2835;81;17;524;169;2309;Aspen
2809;75;16;443;146;2227;Aspen
3191;81;5;457;15;2224;Lodgepole pine
2915;146;15;42;10;1376;Lodgepole pine
2799;60;13;408;129;2160;Aspen
2751;72;24;301;74;2053;Aspen
2731;73;14;212;60;1973;Aspen
2748;46;18;277;75;2012;Aspen
2741;49;17;247;70;1986;Aspen
2725;65;18;190;46;1932;Aspen
2709;77;14;134;29;1879;Aspen
3212;198;6;459;21;3132;Lodgepole pine
2822;41;19;488;152;2190;Aspen
2806;40;22;400;129;2108;Aspen
2765;53;29;313;92;2026;Aspen
2750;41;22;256;71;1972;Aspen
2751;51;23;242;77;1932;Aspen
3209;74;20;306;82;3629;Spruce/fir
3146;291;10;30;-6;3477;Spruce/fir
3183;99;5;90;4;2982;Lodgepole pine
2917;301;10;30;1;1318;Spruce/fir
2786;53;29;335;107;2001;Aspen
3195;230;7;466;75;3032;Lodgepole pine
2797;55;28;350;118;1989;Aspen
2753;60;25;242;74;1879;Aspen
2784;55;25;309;105;1922;Aspen
3088;124;17;182;39;800;Spruce/fir
2745;58;24;212;78;1800;Aspen
2724;60;21;153;52;1745;Aspen
2702;75;18;95;30;1691;Aspen
3178;263;9;272;58;2941;Lodgepole pine
3131;169;5;162;-5;1478;Spruce/fir
2801;60;27;335;122;1900;Aspen
2763;56;23;247;96;1816;Aspen
2740;59;23;190;68;1761;Aspen
2987;352;13;228;14;268;Spruce/fir
2946;18;16;42;10;1236;Spruce/fir
2770;52;23;256;105;1805;Aspen
2736;62;24;175;64;1722;Aspen
2803;57;32;323;136;1851;Aspen
2743;62;26;180;71;1710;Aspen
2729;69;30;150;54;1682;Aspen
2711;69;25;120;36;1655;Aspen
2703;60;16;90;35;1627;Aspen
3173;90;11;270;2;2251;Spruce/fir
3148;146;5;150;12;1981;Spruce/fir
3081;154;11;212;25;872;Spruce/fir
2891;48;17;268;-36;2155;Lodgepole pine
2830;51;29;360;163;1869;Aspen
2799;52;29;300;127;1812;Aspen
2763;59;28;210;91;1728;Aspen
2716;69;27;120;48;1643;Aspen
3122;158;8;67;2;1560;Spruce/fir
2771;60;29;210;96;1717;Aspen
3140;255;14;162;23;2794;Lodgepole pine
3140;135;5;67;4;1920;Spruce/fir
2963;32;9;0;0;1350;Lodgepole pine
3202;48;22;153;32;3263;Spruce/fir
3146;130;4;134;5;2100;Spruce/fir
2843;70;26;335;171;1813;Aspen
2812;63;25;277;137;1756;Aspen
2738;63;33;134;64;1613;Aspen
3037;48;19;430;-8;190;Spruce/fir
2990;284;12;180;46;1172;Spruce/fir
2865;85;15;400;193;1863;Aspen
2809;62;24;256;141;1718;Aspen
2720;57;23;95;37;1546;Aspen
2958;55;4;247;-1;2012;Lodgepole pine
2774;58;30;190;96;1624;Aspen
2938;62;5;162;10;2313;Lodgepole pine
2771;56;30;175;88;1587;Aspen
2755;62;34;150;76;1558;Aspen
2788;61;26;180;105;1572;Aspen
2750;70;36;120;83;1513;Aspen
2732;71;33;90;61;1484;Aspen
2737;70;34;95;61;1477;Aspen
3212;71;14;402;97;2642;Lodgepole pine
3106;83;6;180;-8;1519;Spruce/fir
3067;320;4;212;11;591;Spruce/fir
2960;59;4;90;0;2084;Lodgepole pine
2890;68;17;331;-37;1884;Lodgepole pine
2818;65;19;247;135;1618;Aspen
2767;73;36;134;91;1500;Aspen
3187;63;7;258;69;2571;Lodgepole pine
2813;65;19;228;146;1583;Aspen
2773;74;36;150;92;1495;Aspen
3239;180;3;566;60;2726;Spruce/fir
3192;102;7;319;73;2519;Lodgepole pine
3151;266;15;127;16;2460;Lodgepole pine
2809;82;22;212;128;1544;Aspen
3211;115;4;362;30;2543;Spruce/fir
3080;0;9;150;3;942;Spruce/fir
3009;131;10;67;8;573;Spruce/fir
2799;82;25;201;126;1507;Aspen
3197;247;5;324;47;2382;Spruce/fir
3181;309;6;67;6;2496;Spruce/fir
3110;81;6;300;6;1587;Spruce/fir
3094;4;4;0;0;1226;Spruce/fir
2791;75;29;180;107;1473;Aspen
3031;253;6;323;59;1127;Lodgepole pine
2830;72;15;210;45;1561;Lodgepole pine
2778;80;34;150;109;1441;Aspen
3245;45;3;564;66;2650;Spruce/fir
2930;79;7;90;1;2280;Lodgepole pine
3046;144;13;210;2;573;Lodgepole pine
2850;113;14;108;13;1651;Lodgepole pine
2769;79;31;60;-15;1411;Aspen
3193;97;10;319;19;2358;Spruce/fir
3036;149;11;150;-7;601;Lodgepole pine
2957;123;10;150;-8;2135;Lodgepole pine
2756;70;31;30;-19;1383;Aspen
3252;49;5;589;8;2554;Spruce/fir
3229;61;2;454;19;2324;Spruce/fir
2993;286;14;30;10;895;Spruce/fir
3173;57;7;457;78;2110;Spruce/fir
3188;67;8;170;6;2118;Spruce/fir
3178;49;5;474;83;2132;Spruce/fir
3175;48;6;446;80;2103;Spruce/fir
3105;140;8;30;3;1641;Spruce/fir
2762;61;30;60;-13;1362;Aspen
3219;324;6;366;38;2184;Lodgepole pine
3219;352;8;319;38;2206;Spruce/fir
2737;52;29;90;52;1277;Aspen
3206;261;5;446;35;2098;Lodgepole pine
3164;88;19;361;102;849;Lodgepole pine
2933;58;4;0;0;2353;Spruce/fir
2790;60;23;108;-8;1401;Aspen
3199;108;3;342;16;2363;Spruce/fir
2815;55;18;120;-14;1465;Aspen
3218;61;12;313;35;2187;Spruce/fir
3207;72;3;301;24;2244;Spruce/fir
3081;184;11;175;23;618;Lodgepole pine
3042;56;10;42;-2;408;Spruce/fir
2821;58;18;150;-15;1471;Aspen
2776;73;25;175;95;1354;Aspen
2765;75;21;150;77;1324;Aspen
3216;58;9;335;33;2174;Spruce/fir
3049;293;5;306;62;1025;Spruce/fir
2806;66;21;190;-23;1419;Aspen
3185;32;3;0;0;1919;Spruce/fir
3018;106;9;150;3;558;Spruce/fir
2821;58;21;212;-19;1455;Aspen
2800;64;26;218;112;1397;Aspen
3025;307;9;90;14;350;Spruce/fir
2762;62;27;150;76;1319;Aspen
2734;68;30;108;43;1262;Aspen
3047;78;15;170;0;277;Spruce/fir
3040;277;10;218;48;882;Spruce/fir
2953;60;7;134;-8;2147;Lodgepole pine
2826;46;27;258;145;1423;Aspen
2736;49;26;108;49;1254;Aspen
2737;44;22;108;41;1237;Aspen
3196;336;9;67;7;1766;Spruce/fir
3062;329;1;0;0;485;Lodgepole pine
2927;51;16;258;34;1900;Lodgepole pine
2914;29;8;335;37;1708;Lodgepole pine
2806;76;39;234;119;1371;Aspen
3019;312;6;0;0;524;Spruce/fir
2811;80;35;255;115;1383;Aspen
3199;268;6;216;13;1736;Lodgepole pine
2841;82;18;319;154;1450;Aspen
2800;67;28;242;109;1369;Aspen
2768;57;22;170;75;1288;Aspen
2747;52;21;124;60;1235;Aspen
3204;101;1;60;2;1698;Spruce/fir
3091;90;13;192;31;1201;Lodgepole pine
2763;56;22;162;76;1276;Aspen
3170;284;4;175;8;1170;Spruce/fir
2847;64;23;350;151;1476;Aspen
2826;71;25;300;135;1422;Aspen
2812;71;25;277;130;1396;Aspen
2756;48;23;120;98;1240;Aspen
3024;331;6;30;3;300;Spruce/fir
2940;3;16;443;47;1872;Lodgepole pine
2771;34;20;153;113;1282;Aspen
3037;10;4;60;8;1680;Spruce/fir
2974;6;10;216;49;2192;Spruce/fir
2785;35;17;190;127;1323;Aspen
2823;72;26;313;136;1441;Aspen
2811;67;21;285;124;1415;Aspen
2792;26;14;201;134;1340;Aspen
3213;97;4;120;18;1637;Spruce/fir
3097;92;15;210;33;459;Lodgepole pine
3080;343;14;268;57;755;Spruce/fir
2799;27;11;212;151;1357;Aspen
3227;328;3;247;6;1800;Spruce/fir
2837;53;27;335;185;1473;Aspen
2802;47;10;218;149;1374;Aspen
2799;66;9;190;140;1350;Aspen
3242;315;17;153;47;1448;Lodgepole pine
3213;39;6;319;-7;1820;Spruce/fir
3095;138;13;268;47;503;Lodgepole pine
2773;80;48;124;112;1298;Aspen
3038;90;9;108;3;234;Spruce/fir
3040;310;12;108;18;300;Spruce/fir
2847;50;27;323;199;1482;Lodgepole pine
2809;67;18;242;150;1410;Aspen
2779;78;47;134;118;1318;Aspen
3215;28;23;175;35;1366;Lodgepole pine
3221;219;3;256;25;1622;Spruce/fir
2786;76;46;150;132;1338;Aspen
3255;285;16;190;60;1361;Lodgepole pine
3076;34;10;134;-6;1430;Spruce/fir
2806;31;18;216;145;1403;Aspen
2743;76;49;134;81;1337;Aspen
2728;62;29;108;72;1315;Aspen
3043;324;14;108;35;2028;Spruce/fir
2842;62;28;309;187;1490;Aspen
2803;74;46;175;141;1379;Aspen
3241;31;23;228;52;1289;Lodgepole pine
3217;244;6;218;-3;1566;Spruce/fir
2899;35;18;430;240;1602;Lodgepole pine
2760;75;49;170;95;1379;Aspen
3290;24;16;182;20;1940;Spruce/fir
2856;53;28;335;195;1530;Aspen
3305;205;7;430;110;1206;Lodgepole pine
3213;235;8;210;-7;1518;Spruce/fir
3074;331;12;162;11;469;Spruce/fir
3084;88;12;242;-1;1513;Spruce/fir
2914;30;14;390;-30;1640;Lodgepole pine
2828;72;45;228;163;1443;Aspen
2710;66;32;90;53;1345;Aspen
3276;354;10;42;6;1719;Spruce/fir
3077;76;9;90;18;1754;Spruce/fir
2847;35;22;255;68;1486;Aspen
2789;74;49;201;35;1445;Aspen
2857;63;24;228;78;1507;Aspen
2743;61;33;108;24;1410;Aspen
3331;358;15;361;61;2014;Spruce/fir
3072;329;17;60;13;1914;Spruce/fir
2824;93;45;190;45;1510;Aspen
2753;57;32;95;34;1434;Aspen
2722;53;32;42;3;1398;Aspen
3062;101;4;60;2;722;Spruce/fir
3044;2;7;30;3;484;Spruce/fir
2827;84;46;162;26;1533;Aspen
2810;76;29;150;31;1513;Aspen
2764;55;31;85;10;1458;Aspen
3047;85;15;573;58;2483;Lodgepole pine
2878;82;44;150;48;1575;Aspen
2827;84;46;134;-2;1556;Aspen
3260;256;8;306;34;1471;Spruce/fir
2830;79;46;108;0;1579;Aspen
2820;60;25;95;-9;1560;Aspen
2740;54;29;0;0;1456;Aspen
3266;65;13;120;40;1242;Spruce/fir
3056;37;5;90;0;589;Spruce/fir
3101;303;14;277;1;631;Lodgepole pine
3057;85;16;592;56;2467;Lodgepole pine
2950;37;5;180;5;1803;Lodgepole pine
2840;78;44;85;10;1602;Aspen
2788;55;28;0;0;1539;Aspen
2747;56;30;67;-6;1492;Aspen
2732;60;31;85;-7;1477;Aspen
3237;152;14;541;146;1503;Spruce/fir
2741;63;31;108;-12;1504;Aspen
2991;83;8;170;32;2060;Lodgepole pine
2802;59;28;85;-6;1600;Lodgepole pine
3133;20;29;212;69;805;Spruce/fir
3139;34;3;324;9;1504;Spruce/fir
3112;73;7;95;12;1718;Spruce/fir
3335;52;14;240;36;1302;Spruce/fir
3035;53;7;402;55;2424;Lodgepole pine
3168;300;5;379;37;1003;Lodgepole pine
2717;74;35;85;52;1599;Aspen
3280;162;4;319;40;750;Lodgepole pine
3082;106;7;532;28;2391;Lodgepole pine
2816;75;27;201;-20;1691;Lodgepole pine
2722;75;34;95;57;1627;Aspen
2857;87;21;175;-26;1760;Lodgepole pine
3230;207;3;313;20;1234;Spruce/fir
3048;96;4;424;68;2544;Lodgepole pine
2732;77;33;124;70;1682;Aspen
2714;74;32;95;52;1671;Aspen
3242;16;7;242;15;999;Spruce/fir
3021;148;15;212;41;2402;Lodgepole pine
2772;82;31;190;117;1733;Aspen
3108;48;26;30;10;934;Spruce/fir
3183;28;8;331;-30;1315;Lodgepole pine
3181;39;9;335;-32;1337;Lodgepole pine
3165;14;12;330;65;1615;Spruce/fir
3121;50;12;60;14;1842;Spruce/fir
2740;76;31;150;87;1738;Aspen
2706;76;30;108;47;1717;Aspen
3102;57;11;85;15;1507;Spruce/fir
3375;61;13;150;-6;1195;Spruce/fir
2730;80;31;150;80;1784;Aspen
3284;319;9;120;41;703;Lodgepole pine
2700;80;27;95;54;1793;Aspen
3285;308;12;90;51;700;Lodgepole pine
2753;86;32;190;103;1851;Aspen
3246;27;2;30;0;566;Spruce/fir
3218;58;4;228;21;1211;Spruce/fir
2720;85;28;150;70;1860;Aspen
3090;36;6;60;3;1383;Spruce/fir
2755;87;31;210;109;1907;Aspen
2706;83;26;120;52;1879;Aspen
3250;308;6;127;5;573;Spruce/fir
3244;54;40;255;146;1154;Spruce/fir
3047;72;7;362;11;2793;Spruce/fir
2681;78;23;67;31;1892;Aspen
3226;47;8;190;13;800;Spruce/fir
3208;338;5;90;-5;1440;Spruce/fir
2793;85;31;277;147;1984;Aspen
2725;81;27;162;81;1945;Aspen
3200;172;5;30;0;949;Spruce/fir
3277;287;20;424;179;1262;Lodgepole pine
3015;37;5;124;17;2394;Lodgepole pine
2982;117;11;301;4;2288;Lodgepole pine
2795;80;31;270;-134;2012;Aspen
2713;76;25;150;63;1966;Aspen
3279;62;8;67;3;408;Lodgepole pine
3206;304;7;124;-7;1410;Spruce/fir
3208;48;7;85;-6;1617;Spruce/fir
2959;53;14;295;29;2233;Lodgepole pine
2731;75;27;175;45;2003;Aspen
2679;71;24;85;33;1972;Aspen
3267;319;4;270;22;592;Spruce/fir
3169;277;24;240;84;1248;Spruce/fir
3158;282;6;216;-2;1366;Spruce/fir
3042;83;6;108;9;2737;Lodgepole pine
3039;104;6;95;6;2717;Lodgepole pine
2727;68;26;124;18;2052;Aspen
3289;0;0;0;0;458;Lodgepole pine
2817;72;32;150;-85;2125;Aspen
2733;66;26;108;24;2081;Aspen
3145;63;13;362;16;2396;Spruce/fir
3113;345;11;268;11;2598;Spruce/fir
2786;71;32;120;31;2135;Aspen
2726;65;25;67;17;2103;Aspen
2704;61;23;30;18;2089;Aspen
2895;84;19;90;-29;2234;Lodgepole pine
3230;298;16;391;87;1148;Lodgepole pine
3200;280;7;150;-18;1544;Spruce/fir
3122;32;9;242;-6;2554;Spruce/fir
2715;68;24;0;0;2148;Aspen
2702;75;27;30;-6;2142;Aspen
3161;340;5;85;-5;1492;Spruce/fir
2742;67;23;0;0;2190;Aspen
3198;269;9;180;-20;1588;Spruce/fir
2708;80;29;67;-17;2200;Aspen
3172;30;9;0;0;1053;Spruce/fir
3166;8;5;30;0;1543;Spruce/fir
3052;72;9;0;0;3010;Spruce/fir
2751;83;23;42;-8;2249;Aspen
2726;86;25;67;-15;2236;Aspen
3287;333;4;335;22;571;Lodgepole pine
3262;88;5;242;10;420;Spruce/fir
3207;85;6;85;5;824;Spruce/fir
3217;313;16;240;74;990;Spruce/fir
3276;272;14;591;169;1132;Lodgepole pine
3200;263;8;150;-17;1655;Spruce/fir
3070;172;5;495;203;3880;Lodgepole pine
3070;120;8;466;203;3903;Lodgepole pine
3064;106;13;437;197;3926;Lodgepole pine
3057;103;20;408;190;3950;Lodgepole pine
3044;102;24;379;177;3973;Lodgepole pine
3027;97;28;351;160;3997;Lodgepole pine
3011;92;28;323;144;4020;Lodgepole pine
2998;90;25;295;131;4044;Lodgepole pine
2985;93;27;268;118;4068;Lodgepole pine
2968;98;28;242;101;4092;Lodgepole pine
2952;108;23;216;85;4116;Lodgepole pine
2942;122;21;192;75;4140;Lodgepole pine
2932;140;21;170;65;4164;Lodgepole pine
2926;156;23;150;59;4189;Lodgepole pine
2922;158;27;134;55;4213;Lodgepole pine
2916;148;30;124;56;4237;Lodgepole pine
2903;145;30;108;40;4262;Lodgepole pine
2896;148;27;85;33;4286;Lodgepole pine
2886;143;26;67;23;4311;Lodgepole pine
2877;138;25;60;14;4335;Lodgepole pine
2867;137;22;60;4;4360;Lodgepole pine
2860;135;15;42;0;4385;Lodgepole pine
2854;90;4;30;0;4410;Lodgepole pine
2854;331;12;0;0;4435;Lodgepole pine
2863;319;21;0;0;4460;Lodgepole pine
2873;308;25;30;19;4485;Lodgepole pine
2886;312;21;60;32;4510;Lodgepole pine
2890;344;15;85;33;4535;Lodgepole pine
2890;350;17;108;40;4560;Lodgepole pine
2893;343;19;134;46;4586;Lodgepole pine
2896;342;18;162;46;4611;Lodgepole pine
2900;339;18;175;50;4636;Lodgepole pine
2903;331;20;192;53;4662;Lodgepole pine
2909;324;21;212;59;4687;Lodgepole pine
2916;315;22;228;69;4713;Lodgepole pine
2926;313;23;242;76;4739;Lodgepole pine
2936;315;24;258;92;4764;Lodgepole pine
2945;309;26;277;95;4790;Lodgepole pine
2959;305;26;297;105;4816;Lodgepole pine
2968;302;27;319;121;4842;Lodgepole pine
2985;297;29;342;145;4867;Lodgepole pine
3001;302;22;366;157;4893;Lodgepole pine
3004;315;14;379;164;4919;Lodgepole pine
3011;341;10;390;164;4945;Lodgepole pine
3008;38;11;402;168;4971;Lodgepole pine
3001;50;12;417;157;4997;Lodgepole pine
2998;40;12;430;158;5024;Lodgepole pine
2995;352;10;443;161;5050;Lodgepole pine
3001;327;10;458;170;5076;Lodgepole pine
3001;315;5;474;170;5102;Lodgepole pine
3004;267;5;492;167;5129;Lodgepole pine
3004;247;9;511;173;5155;Lodgepole pine
3011;238;9;531;174;5181;Lodgepole pine
3014;208;5;552;170;5208;Lodgepole pine
3014;157;4;573;180;5234;Lodgepole pine
3011;135;5;594;167;5261;Lodgepole pine
3011;146;5;616;177;5287;Lodgepole pine
3008;135;5;636;168;5314;Lodgepole pine
3008;135;6;636;89;5340;Lodgepole pine
3004;128;8;607;85;5367;Lodgepole pine
2998;126;6;577;79;5394;Lodgepole pine
2998;135;4;547;79;5420;Lodgepole pine
2998;109;9;518;79;5447;Lodgepole pine
2991;105;11;488;72;5474;Lodgepole pine
2985;105;8;459;66;5501;Lodgepole pine
2982;97;14;430;63;5528;Lodgepole pine
2972;101;14;400;53;5554;Spruce/fir
2968;119;5;371;49;5581;Spruce/fir
2968;95;8;342;49;5608;Spruce/fir
2959;87;13;313;40;5635;Spruce/fir
2952;80;8;285;33;5662;Spruce/fir
2949;270;1;256;30;5689;Lodgepole pine
2955;113;4;228;36;5716;Lodgepole pine
2949;94;12;201;30;5743;Lodgepole pine
2942;81;11;175;23;5771;Lodgepole pine
2936;43;8;150;17;5798;Lodgepole pine
2936;0;9;127;17;5825;Spruce/fir
2936;0;11;108;17;5852;Spruce/fir
2936;353;11;95;17;5879;Lodgepole pine
2936;4;12;90;17;5907;Lodgepole pine
2936;4;12;90;17;5934;Lodgepole pine
2936;345;11;95;17;5961;Lodgepole pine
2939;4;12;108;20;5989;Lodgepole pine
2936;36;15;127;20;6016;Lodgepole pine
2929;18;13;150;20;6043;Lodgepole pine
2932;342;10;175;23;6071;Lodgepole pine
2932;354;7;201;26;6098;Lodgepole pine
2932;323;7;228;32;6126;Lodgepole pine
2936;296;7;255;36;6153;Lodgepole pine
2939;45;2;277;43;6181;Lodgepole pine
2936;68;5;300;40;6208;Lodgepole pine
2936;84;9;324;43;6236;Lodgepole pine
2926;86;10;350;36;6263;Lodgepole pine
2926;74;8;376;40;6291;Lodgepole pine
2919;49;5;402;36;6319;Lodgepole pine
2919;45;7;426;36;6346;Lodgepole pine
2913;45;12;417;40;6374;Lodgepole pine
2909;13;12;391;32;6402;Lodgepole pine
2909;4;10;366;32;6429;Lodgepole pine
2909;19;9;342;42;6441;Lodgepole pine
2906;37;10;319;39;6415;Lodgepole pine
2903;36;6;297;36;6388;Lodgepole pine
2903;63;3;277;36;6362;Lodgepole pine
2900;85;9;247;33;6335;Lodgepole pine
2896;83;11;218;33;6309;Lodgepole pine
2890;83;12;190;27;6283;Lodgepole pine
2883;82;10;162;26;6256;Lodgepole pine
2877;81;10;134;20;6230;Lodgepole pine
2870;71;9;108;13;6204;Lodgepole pine
2867;54;9;85;10;6177;Lodgepole pine
2863;71;17;67;13;6151;Lodgepole pine
2850;74;15;42;0;6125;Lodgepole pine
2847;0;5;30;0;6099;Lodgepole pine
2850;321;10;0;0;6073;Lodgepole pine
2854;307;14;30;7;6047;Lodgepole pine
2863;296;16;42;13;6021;Lodgepole pine
2870;290;17;67;20;5995;Lodgepole pine
2880;290;19;95;30;5969;Lodgepole pine
2890;319;13;124;50;5943;Lodgepole pine
2890;346;15;153;43;5917;Lodgepole pine
2893;355;17;182;53;5891;Lodgepole pine
2890;11;16;212;56;5865;Lodgepole pine
2890;28;15;228;35;5840;Lodgepole pine
2883;41;15;201;28;5814;Lodgepole pine
2880;54;15;175;25;5788;Lodgepole pine
2870;70;17;150;15;5762;Lodgepole pine
2863;80;12;127;8;5737;Lodgepole pine
2857;98;14;108;10;5711;Lodgepole pine
2847;129;9;85;0;5686;Lodgepole pine
2850;165;8;67;3;5660;Lodgepole pine
2844;126;13;60;-2;5635;Lodgepole pine
2838;112;12;42;2;5610;Lodgepole pine
2831;84;10;30;4;5584;Lodgepole pine
2827;45;8;0;0;5559;Lodgepole pine
2826;34;12;0;0;5534;Lodgepole pine
2822;26;14;0;0;5509;Lodgepole pine
2820;24;16;30;5;5483;Lodgepole pine
2815;19;14;42;3;5458;Lodgepole pine
2815;21;12;67;6;5433;Lodgepole pine
2810;35;11;85;6;5408;Lodgepole pine
2808;30;9;108;8;5383;Lodgepole pine
2806;43;10;134;6;5359;Lodgepole pine
2801;55;10;162;1;5334;Lodgepole pine
2797;28;6;190;1;5309;Lodgepole pine
2798;16;6;212;5;5284;Lodgepole pine
2796;55;8;234;4;5260;Lodgepole pine
2792;77;4;258;4;5235;Lodgepole pine
2792;100;5;283;5;5210;Lodgepole pine
2787;92;6;277;30;5186;Lodgepole pine
2786;36;2;255;29;5161;Lodgepole pine
2786;324;2;234;29;5137;Lodgepole pine
2787;180;1;212;30;5113;Lodgepole pine
2786;146;5;192;40;5088;Lodgepole pine
2784;123;11;170;38;5064;Lodgepole pine
2776;118;15;150;34;5040;Lodgepole pine
2769;129;10;127;27;5016;Lodgepole pine
2769;130;7;108;27;4992;Lodgepole pine
2765;115;12;85;23;4968;Lodgepole pine
2755;115;18;67;19;4944;Lodgepole pine
2746;115;17;42;10;4920;Lodgepole pine
2738;107;13;30;7;4897;Lodgepole pine
2733;346;9;0;0;4849;Lodgepole pine
2735;8;13;30;6;4826;Lodgepole pine
2732;26;15;42;4;4802;Lodgepole pine
2728;22;15;60;0;4779;Lodgepole pine
2726;23;14;67;0;4756;Lodgepole pine
2722;35;13;67;16;4732;Lodgepole pine
2717;47;12;42;7;4709;Lodgepole pine
2712;25;9;30;2;4686;Lodgepole pine
2714;355;8;0;0;4663;Lodgepole pine
2714;329;6;30;5;4640;Lodgepole pine
2718;282;7;42;2;4617;Lodgepole pine
2721;282;6;67;5;4595;Lodgepole pine
2724;309;3;95;8;4572;Lodgepole pine
2724;342;2;124;8;4549;Lodgepole pine
2725;11;1;153;9;4527;Lodgepole pine
2724;85;3;182;8;4504;Lodgepole pine
2720;75;3;212;4;4482;Lodgepole pine
2721;101;1;242;5;4460;Lodgepole pine
2720;208;5;272;30;4438;Lodgepole pine
2723;193;6;295;29;4416;Lodgepole pine
2723;140;8;309;37;4394;Lodgepole pine
2719;129;9;324;29;4372;Lodgepole pine
2714;126;8;323;19;4350;Lodgepole pine
2709;138;6;313;17;4328;Lodgepole pine
2709;188;3;300;-1;4307;Lodgepole pine
2711;166;2;277;0;4285;Lodgepole pine
2709;135;2;255;0;4264;Lodgepole pine
2710;135;1;234;1;4243;Lodgepole pine
2708;45;0;216;0;4221;Lodgepole pine
2708;266;4;201;0;4200;Lodgepole pine
2713;266;7;190;4;4179;Lodgepole pine
2719;246;5;182;10;4159;Lodgepole pine
2719;145;4;175;-4;4138;Lodgepole pine
2716;107;5;150;-7;4117;Lodgepole pine
2712;72;1;127;-14;4097;Lodgepole pine
2712;280;4;108;-14;4076;Lodgepole pine
2716;280;7;95;-10;4056;Lodgepole pine
2721;283;5;90;-5;4036;Lodgepole pine
2722;349;1;90;-4;4016;Lodgepole pine
2721;329;1;95;-5;3996;Lodgepole pine
2722;274;4;108;-4;3976;Lodgepole pine
2724;239;1;127;-5;3957;Lodgepole pine
2723;203;2;150;-4;3937;Lodgepole pine
2726;207;2;175;-1;3918;Lodgepole pine
2725;98;5;201;-2;3899;Lodgepole pine
2719;90;10;228;-8;3880;Lodgepole pine
2712;88;13;256;-15;3861;Lodgepole pine
2704;87;16;285;-23;3842;Lodgepole pine
2695;79;15;313;-32;3823;Lodgepole pine
2688;53;12;342;-39;3805;Lodgepole pine
2684;32;15;371;-43;3786;Lodgepole pine
2680;25;20;400;-47;3768;Lodgepole pine
2674;28;24;430;-53;3750;Lodgepole pine
2667;31;24;446;-14;3732;Lodgepole pine
2661;32;22;446;94;3714;Lodgepole pine
2655;42;20;426;88;3697;Lodgepole pine
2647;52;19;408;92;3679;Lodgepole pine
2639;58;18;391;93;3662;Lodgepole pine
2631;60;16;376;85;3645;Lodgepole pine
2625;64;12;361;84;3628;Lodgepole pine
2620;78;11;339;79;3611;Lodgepole pine
2613;88;12;319;75;3594;Lodgepole pine
2606;86;11;297;68;3578;Lodgepole pine
2601;76;10;277;69;3562;Lodgepole pine
2596;68;11;255;64;3546;Lodgepole pine
2592;64;10;234;60;3530;Lodgepole pine
2586;66;10;216;54;3514;Lodgepole pine
2582;67;10;201;56;3499;Lodgepole pine
2576;72;12;190;50;3483;Lodgepole pine
2568;71;13;175;42;3468;Lodgepole pine
2563;65;11;162;37;3453;Lodgepole pine
2558;67;11;153;32;3438;Lodgepole pine
2552;72;10;150;26;3424;Lodgepole pine
2549;78;8;150;23;3409;Lodgepole pine
2545;90;3;153;19;3395;Lodgepole pine
2546;107;6;162;20;3381;Lodgepole pine
2540;102;13;175;14;3368;Lodgepole pine
2533;100;13;180;7;3354;Lodgepole pine
2526;91;12;180;5;3341;Lodgepole pine
2519;83;10;180;-1;3328;Lodgepole pine
2515;82;9;175;23;3315;Lodgepole pine
2510;88;8;162;18;3302;Lodgepole pine
2506;99;9;153;16;3290;Lodgepole pine
2499;102;10;150;9;3278;Lodgepole pine
3247;60;8;481;79;2024;Spruce/fir
3244;80;12;511;76;2021;Spruce/fir
3237;87;13;541;69;2018;Spruce/fir
3231;99;11;571;63;2016;Spruce/fir
3224;117;11;601;56;2014;Spruce/fir
3221;151;8;631;53;2012;Spruce/fir
3221;175;9;661;53;2011;Spruce/fir
3218;163;10;691;50;2010;Spruce/fir
3218;189;10;721;50;2010;Spruce/fir
3221;161;10;722;49;2010;Spruce/fir
3214;124;15;721;42;2011;Spruce/fir
3205;119;12;720;33;2012;Spruce/fir
3201;112;11;721;29;2014;Spruce/fir
3195;90;6;722;23;2016;Spruce/fir
3195;53;9;726;23;2018;Spruce/fir
3188;51;13;730;16;2021;Spruce/fir
3185;29;12;735;13;2024;Spruce/fir
3182;36;15;742;10;2028;Spruce/fir
3175;40;15;750;3;2032;Spruce/fir
3165;60;9;769;-6;2042;Spruce/fir
3162;333;7;780;-9;2047;Spruce/fir
3168;320;12;792;-3;2053;Spruce/fir
3172;332;10;785;128;2060;Spruce/fir
3175;330;8;764;134;2067;Spruce/fir
3175;355;9;743;134;2074;Spruce/fir
3175;338;14;722;134;2081;Spruce/fir
3182;341;17;703;155;2089;Spruce/fir
3182;0;15;684;155;2098;Spruce/fir
3182;357;13;666;161;2106;Spruce/fir
3182;333;14;649;161;2116;Spruce/fir
3188;339;14;633;167;2125;Spruce/fir
3188;20;16;618;170;2135;Spruce/fir
3182;9;15;600;164;2145;Spruce/fir
3185;351;13;582;167;2156;Spruce/fir
3185;3;13;566;167;2167;Spruce/fir
3185;12;14;551;167;2178;Spruce/fir
3182;33;16;537;164;2190;Spruce/fir
3175;45;18;524;157;2202;Spruce/fir
3168;37;16;510;150;2215;Spruce/fir
3164;24;16;497;146;2227;Spruce/fir
3161;25;16;484;143;2241;Spruce/fir
3157;28;17;470;139;2254;Spruce/fir
3153;23;15;457;135;2268;Spruce/fir
3151;25;14;446;133;2282;Spruce/fir
3147;27;14;437;149;2296;Spruce/fir
3144;27;13;430;146;2311;Spruce/fir
3140;27;13;424;142;2326;Spruce/fir
3138;30;14;421;140;2341;Spruce/fir
3133;38;17;418;135;2356;Spruce/fir
3126;38;19;408;128;2372;Spruce/fir
3120;31;19;400;152;2388;Spruce/fir
3115;32;21;395;147;2405;Spruce/fir
3108;37;23;391;143;2421;Spruce/fir
3100;39;24;390;135;2438;Spruce/fir
3092;42;24;379;127;2455;Spruce/fir
3082;47;25;366;117;2473;Spruce/fir
3071;47;24;342;106;2490;Spruce/fir
3062;43;24;319;97;2502;Spruce/fir
3053;41;24;297;85;2505;Spruce/fir
3045;44;24;277;77;2508;Spruce/fir
3035;46;25;255;73;2512;Spruce/fir
3025;43;23;234;63;2516;Spruce/fir
3017;43;20;216;55;2520;Spruce/fir
3009;48;19;201;50;2525;Spruce/fir
3001;52;20;190;42;2530;Spruce/fir
2991;52;19;175;32;2536;Spruce/fir
2985;54;19;162;26;2542;Spruce/fir
2975;49;15;150;26;2548;Spruce/fir
2972;51;12;127;27;2554;Spruce/fir
2965;72;10;108;20;2561;Spruce/fir
2962;99;11;95;17;2568;Spruce/fir
2952;103;16;67;7;2576;Spruce/fir
2945;110;12;42;0;2584;Spruce/fir
2942;127;7;30;-2;2592;Spruce/fir
2939;180;4;0;0;2601;Spruce/fir
2942;239;10;30;0;2609;Spruce/fir
2949;215;8;42;10;2618;Spruce/fir
2955;193;10;30;3;2691;Spruce/fir
2952;180;11;0;0;2702;Spruce/fir
2955;203;14;0;0;2714;Spruce/fir
2959;208;18;30;-2;2726;Spruce/fir
2965;215;19;42;-2;2739;Spruce/fir
2972;214;18;67;0;2751;Spruce/fir
2975;195;14;95;0;2764;Spruce/fir
2975;191;12;124;-2;2777;Spruce/fir
2975;210;13;153;-9;2791;Spruce/fir
2982;203;12;182;-5;2804;Spruce/fir
2982;195;11;212;-12;2818;Spruce/fir
2985;216;14;242;-9;2832;Spruce/fir
2991;207;14;268;-9;2847;Spruce/fir
2991;180;12;295;-19;2862;Spruce/fir
2991;195;13;323;-16;2876;Spruce/fir
2995;191;13;350;-18;2892;Spruce/fir
2995;192;14;376;-25;2907;Spruce/fir
2998;189;13;390;76;2922;Spruce/fir
2995;197;13;395;73;2938;Spruce/fir
3001;201;15;400;82;2954;Spruce/fir
3001;161;14;408;82;2971;Spruce/fir
2998;161;12;418;76;2987;Spruce/fir
2998;199;12;430;76;3004;Spruce/fir
3001;205;13;437;82;3021;Spruce/fir
3004;219;13;446;85;3038;Lodgepole pine
3011;225;12;457;92;3055;Lodgepole pine
3014;215;9;470;92;3072;Lodgepole pine
3018;208;10;484;92;3090;Lodgepole pine
3018;192;10;499;92;3108;Lodgepole pine
3018;204;9;516;92;3126;Lodgepole pine
3021;220;11;534;95;3144;Lodgepole pine
3024;175;10;553;102;3163;Lodgepole pine
3021;151;12;573;105;3181;Lodgepole pine
3018;153;11;594;99;3200;Lodgepole pine
3014;198;8;612;95;3219;Lodgepole pine
3021;197;6;618;95;3238;Lodgepole pine
3018;159;6;626;92;3257;Lodgepole pine
3018;184;3;636;99;3277;Lodgepole pine
3018;93;14;646;99;3296;Lodgepole pine
2428;128;6;300;38;1019;Ponderosa pine
2423;120;10;330;33;1040;Ponderosa pine
2418;120;12;360;28;1061;Ponderosa pine
2412;124;13;390;22;1082;Ponderosa pine
2405;124;14;420;15;1104;Ponderosa pine
2398;129;15;424;154;1126;Ponderosa pine
2393;129;16;404;149;1149;Ponderosa pine
2384;114;14;384;140;1172;Ponderosa pine
2377;80;4;366;120;1195;Ponderosa pine
2382;330;9;350;125;1167;Ponderosa pine
2385;345;13;335;128;1138;Ponderosa pine
2387;356;13;323;130;1110;Ponderosa pine
2386;3;13;309;129;1082;Ponderosa pine
2385;9;13;295;128;1053;Ponderosa pine
2384;12;10;283;127;1025;Ponderosa pine
2384;42;6;268;127;997;Ponderosa pine
2381;90;9;256;124;969;Ponderosa pine
2376;106;9;247;119;942;Ponderosa pine
2372;139;4;242;88;914;Ponderosa pine
2373;217;5;228;97;886;Ponderosa pine
2376;216;4;201;96;859;Ponderosa pine
2377;118;6;175;97;832;Ponderosa pine
2372;99;14;150;92;805;Ponderosa pine
2363;102;20;127;83;778;Ponderosa pine
2350;110;22;108;70;752;Ponderosa pine
2341;109;21;95;61;726;Ponderosa pine
2331;90;22;85;58;700;Ponderosa pine
2317;68;27;67;44;674;Ponderosa pine
2299;52;29;42;27;649;Ponderosa pine
2286;42;26;30;14;624;Ponderosa pine
2270;228;21;0;0;531;Douglas-fir
2282;236;31;30;12;509;Douglas-fir
2301;240;34;60;31;488;Douglas-fir
2320;240;34;90;50;469;Douglas-fir
2338;232;29;120;68;450;Douglas-fir
2348;216;27;150;78;433;Douglas-fir
2356;219;21;210;86;402;Douglas-fir
2367;244;22;240;97;390;Douglas-fir
2379;253;21;270;109;379;Douglas-fir
2406;240;21;330;136;365;Douglas-fir
2418;240;18;390;148;360;Douglas-fir
2428;260;20;420;158;361;Douglas-fir
2441;271;19;450;171;365;Douglas-fir
2451;273;17;480;181;371;Douglas-fir
2460;269;14;480;207;379;Douglas-fir
2466;267;12;450;213;390;Douglas-fir
2471;269;11;420;218;402;Douglas-fir
2261;309;26;30;12;752;Ponderosa pine
2320;85;5;150;45;1566;Ponderosa pine
2317;86;10;127;42;1577;Ponderosa pine
2310;95;17;108;37;1588;Cottonwodd/willow
2266;56;19;0;0;1637;Cottonwodd/willow
2259;8;15;30;-1;1650;Ponderosa pine
2264;326;20;0;0;1664;Ponderosa pine
2270;314;19;0;0;1678;Ponderosa pine
2276;293;11;0;0;1693;Ponderosa pine
2278;237;11;30;2;1708;Ponderosa pine
2285;243;20;42;5;1724;Ponderosa pine
2299;253;24;67;19;1739;Ponderosa pine
2311;263;24;95;31;1756;Ponderosa pine
2324;274;27;124;44;1772;Ponderosa pine
2343;280;31;153;63;1789;Ponderosa pine
2362;283;31;182;82;1806;Ponderosa pine
2381;283;31;212;101;1824;Ponderosa pine
2398;281;31;242;118;1842;Ponderosa pine
2416;280;32;272;136;1852;Ponderosa pine
2451;289;28;270;16;1828;Ponderosa pine
2465;295;26;240;30;1816;Ponderosa pine
2476;307;18;210;41;1805;Ponderosa pine
2481;334;7;180;46;1794;Ponderosa pine
2480;90;9;150;45;1784;Ponderosa pine
2471;98;18;120;36;1774;Ponderosa pine
2462;92;17;90;27;1765;Ponderosa pine
2453;80;15;60;18;1756;Ponderosa pine
2445;78;16;30;10;1747;Ponderosa pine
2435;75;13;0;0;1739;Ponderosa pine
2432;29;6;0;0;1732;Ponderosa pine
2433;11;8;30;4;1725;Ponderosa pine
2431;27;7;42;3;1718;Ponderosa pine
2431;342;5;67;6;1712;Ponderosa pine
2432;297;12;85;13;1707;Ponderosa pine
2440;288;19;108;27;1702;Ponderosa pine
2451;288;18;127;40;1697;Ponderosa pine
2473;284;19;175;62;1679;Ponderosa pine
2479;294;11;201;71;1657;Ponderosa pine
2482;303;8;228;74;1635;Ponderosa pine
2485;335;7;256;79;1613;Ponderosa pine
2487;7;10;285;85;1591;Ponderosa pine
2486;18;12;313;86;1570;Ponderosa pine
2482;350;9;306;50;1549;Ponderosa pine
2486;301;11;295;3;1528;Ponderosa pine
2491;287;9;268;8;1507;Ponderosa pine
2495;309;3;242;12;1487;Ponderosa pine
2494;345;5;216;21;1468;Ponderosa pine
2497;11;7;190;24;1448;Ponderosa pine
2491;67;10;134;33;1410;Ponderosa pine
2485;94;13;108;27;1392;Ponderosa pine
2476;109;15;85;18;1374;Ponderosa pine
2469;117;17;67;19;1357;Ponderosa pine
2460;116;18;42;10;1340;Ponderosa pine
2450;107;17;30;9;1323;Ponderosa pine
2436;15;10;0;0;1291;Douglas-fir
2439;352;16;30;4;1276;Douglas-fir
2440;345;18;60;3;1262;Douglas-fir
2445;338;19;85;16;1248;Douglas-fir
2448;353;20;67;20;1234;Douglas-fir
2447;4;21;42;10;1222;Douglas-fir
2446;350;19;30;9;1209;Douglas-fir
2451;336;17;0;0;1198;Douglas-fir
2454;324;15;30;3;1187;Douglas-fir
2459;301;14;60;8;1177;Douglas-fir
2466;278;12;90;15;1167;Douglas-fir
2472;266;6;120;21;1158;Ponderosa pine
2473;67;2;150;22;1150;Ponderosa pine
2472;11;4;180;21;1142;Ponderosa pine
2472;345;7;210;21;1134;Ponderosa pine
2473;29;11;240;22;1110;Ponderosa pine
2466;50;12;270;15;1087;Ponderosa pine
2462;70;9;300;11;1064;Ponderosa pine
2458;101;11;309;117;1041;Ponderosa pine
2451;106;15;283;110;1019;Ponderosa pine
2442;100;22;258;108;997;Ponderosa pine
2395;92;27;192;61;934;Ponderosa pine
2379;88;28;175;45;914;Ponderosa pine
2361;89;29;162;45;895;Ponderosa pine
2343;92;27;150;27;876;Ponderosa pine
2331;94;23;134;15;858;Ponderosa pine
2320;99;21;124;12;841;Ponderosa pine
2309;100;19;95;19;824;Ponderosa pine
2300;93;14;67;10;808;Ponderosa pine
2284;351;5;0;0;765;Cottonwodd/willow
2291;296;16;30;8;752;Douglas-fir
2302;290;22;60;25;741;Douglas-fir
2315;293;25;90;43;731;Douglas-fir
2327;302;26;120;55;721;Douglas-fir
2338;321;19;150;72;713;Douglas-fir
2340;4;15;170;75;706;Douglas-fir
2337;37;17;192;75;700;Douglas-fir
2329;53;19;216;67;696;Douglas-fir
2321;65;18;240;62;693;Douglas-fir
2311;87;18;210;64;691;Douglas-fir
2300;108;20;180;53;690;Douglas-fir
2291;122;21;150;44;691;Douglas-fir
2282;124;23;120;35;693;Douglas-fir
2271;117;23;90;24;696;Douglas-fir
2259;105;20;60;12;700;Douglas-fir
2248;97;10;30;1;706;Douglas-fir
2252;323;14;30;8;731;Douglas-fir
2259;314;18;60;12;741;Douglas-fir
2266;314;21;85;28;752;Douglas-fir
2275;317;24;108;42;765;Douglas-fir
2283;329;23;134;53;778;Douglas-fir
2287;337;22;162;56;793;Douglas-fir
2292;334;22;190;64;808;Douglas-fir
2298;328;22;218;70;824;Douglas-fir
2305;325;23;247;84;841;Douglas-fir
2313;316;28;277;94;858;Douglas-fir
2328;313;32;306;116;876;Douglas-fir
2341;323;30;335;129;895;Douglas-fir
2348;336;28;350;137;914;Douglas-fir
2354;345;29;366;146;934;Douglas-fir
2356;347;30;384;156;955;Douglas-fir
2360;344;29;404;163;976;Douglas-fir
2365;337;28;424;166;997;Douglas-fir
2372;327;28;424;46;1019;Douglas-fir
2382;320;26;395;56;1041;Douglas-fir
2391;321;22;365;65;1064;Douglas-fir
2401;336;11;306;75;1110;Douglas-fir
2403;358;6;277;77;1134;Douglas-fir
2400;66;5;247;74;1158;Douglas-fir
2398;111;7;218;72;1182;Douglas-fir
2392;122;9;190;66;1207;Douglas-fir
2389;110;13;162;63;1231;Douglas-fir
2382;99;20;134;56;1256;Douglas-fir
2358;104;22;85;32;1307;Douglas-fir
2347;108;21;67;26;1333;Douglas-fir
2336;102;22;42;15;1358;Douglas-fir
2323;84;15;30;10;1384;Douglas-fir
2327;305;19;30;14;1437;Douglas-fir
2336;300;22;60;21;1463;Douglas-fir
2348;299;25;90;37;1489;Douglas-fir
2360;305;24;120;54;1500;Douglas-fir
2370;308;26;150;64;1471;Douglas-fir
2383;307;27;180;77;1442;Douglas-fir
2419;297;27;270;113;1354;Douglas-fir
2433;306;23;300;127;1324;Douglas-fir
2449;317;16;360;143;1266;Douglas-fir
2452;349;10;390;146;1237;Douglas-fir
2451;345;8;420;145;1208;Ponderosa pine
2460;309;9;480;154;1150;Douglas-fir
2462;338;7;510;156;1121;Douglas-fir
2463;354;7;540;157;1092;Douglas-fir
2463;34;5;541;193;1063;Douglas-fir
2459;86;10;525;189;1034;Ponderosa pine
2452;111;7;510;182;1006;Ponderosa pine
2453;215;6;497;183;977;Ponderosa pine
2457;180;6;485;187;949;Ponderosa pine
2454;179;10;466;184;892;Ponderosa pine
2453;175;13;459;183;864;Ponderosa pine
2452;168;15;454;182;836;Ponderosa pine
2449;173;14;451;179;808;Ponderosa pine
2446;146;16;391;103;752;Ponderosa pine
2440;139;17;361;97;725;Ponderosa pine
2434;144;17;331;91;698;Ponderosa pine
2423;152;20;272;80;644;Ponderosa pine
2419;160;21;242;76;618;Ponderosa pine
2416;162;22;212;73;592;Ponderosa pine
2409;155;19;153;66;541;Ponderosa pine
2403;135;18;124;60;516;Ponderosa pine
2395;105;22;95;52;492;Ponderosa pine
3322;24;13;120;18;3987;Krummholz
3321;4;14;90;15;3995;Krummholz
3323;354;15;30;7;4010;Krummholz
3323;354;15;0;0;4018;Krummholz
3325;343;15;30;9;4026;Krummholz
3328;324;19;42;-4;4034;Krummholz
3337;317;24;67;4;4043;Krummholz
3346;332;21;85;2;4052;Krummholz
3348;349;18;108;4;4061;Krummholz
3350;344;19;134;6;4070;Krummholz
3353;3;20;162;9;4079;Krummholz
3348;35;25;190;-19;4089;Krummholz
3336;48;30;182;83;4099;Krummholz
3321;53;30;153;68;4109;Krummholz
3295;65;28;95;42;4129;Krummholz
3279;74;30;67;26;4140;Krummholz
3262;79;26;42;9;4151;Krummholz
3250;72;16;30;7;4160;Krummholz
3243;12;14;30;0;4132;Krummholz
3242;348;17;42;4;4119;Krummholz
3247;328;19;67;14;4106;Krummholz
3254;331;15;85;25;4093;Krummholz
3256;352;14;108;23;4080;Spruce/fir
3256;357;15;124;21;4067;Spruce/fir
3257;351;16;134;21;4054;Spruce/fir
3259;344;16;150;26;4042;Spruce/fir
3262;336;18;153;32;4030;Spruce/fir
3267;338;20;162;38;4018;Spruce/fir
3270;342;21;175;43;4006;Spruce/fir
3274;336;23;182;48;3995;Spruce/fir
3280;338;26;190;54;3983;Spruce/fir
3284;341;27;201;61;3972;Spruce/fir
3290;341;29;216;68;3961;Spruce/fir
3295;346;30;228;72;3950;Spruce/fir
3298;339;33;242;75;3940;Spruce/fir
3308;333;36;256;86;3929;Spruce/fir
3318;335;36;268;95;3919;Spruce/fir
3118;141;14;360;105;3690;Spruce/fir
3114;134;13;330;139;3691;Spruce/fir
3108;122;15;300;133;3692;Spruce/fir
3101;113;16;270;126;3693;Spruce/fir
3092;98;24;240;117;3694;Spruce/fir
3074;89;30;210;99;3696;Spruce/fir
3058;84;29;180;83;3698;Spruce/fir
3041;85;33;150;66;3700;Spruce/fir
3019;87;34;120;44;3702;Spruce/fir
3000;86;25;90;25;3705;Spruce/fir
2991;79;16;60;16;3692;Spruce/fir
2983;80;14;30;8;3665;Spruce/fir
2976;76;8;0;0;3637;Spruce/fir
2975;321;3;0;0;3610;Spruce/fir
2978;309;6;30;3;3583;Spruce/fir
2980;324;6;60;5;3556;Spruce/fir
2982;333;6;90;7;3529;Spruce/fir
2983;351;6;120;8;3502;Spruce/fir
2983;351;6;150;8;3475;Spruce/fir
2984;331;6;180;9;3448;Spruce/fir
2986;298;9;210;3;3421;Spruce/fir
2993;283;15;240;10;3394;Spruce/fir
3002;282;16;268;19;3368;Spruce/fir
3010;283;18;295;27;3341;Spruce/fir
3021;284;22;323;38;3314;Spruce/fir
3034;286;26;351;39;3288;Spruce/fir
3049;293;23;379;54;3261;Spruce/fir
3058;306;18;408;63;3235;Spruce/fir
3064;310;17;437;69;3208;Spruce/fir
3072;311;18;466;77;3182;Spruce/fir
3079;310;19;495;38;3156;Spruce/fir
3088;305;19;513;-15;3130;Spruce/fir
3096;299;20;485;-7;3103;Spruce/fir
3107;292;26;457;3;3077;Spruce/fir
3123;294;31;430;19;3051;Spruce/fir
3140;302;32;402;36;3025;Spruce/fir
3154;315;30;376;50;3000;Spruce/fir
3164;321;29;350;60;2974;Spruce/fir
3175;321;28;323;69;2948;Spruce/fir
3184;328;25;295;75;2922;Spruce/fir
3190;334;25;268;77;2897;Spruce/fir
3196;334;26;242;79;2872;Spruce/fir
3203;326;27;216;86;2846;Spruce/fir
3214;317;28;192;83;2821;Spruce/fir
3226;329;22;170;83;2796;Spruce/fir
3227;7;20;150;84;2771;Spruce/fir
3223;23;26;124;68;2746;Spruce/fir
3215;27;31;95;60;2721;Spruce/fir
3206;24;32;67;43;2696;Spruce/fir
3199;20;32;42;21;2672;Spruce/fir
3193;18;30;30;15;2647;Spruce/fir
3188;3;25;0;0;2623;Spruce/fir
3192;331;20;0;0;2598;Spruce/fir
3199;297;19;30;7;2574;Spruce/fir
3211;277;30;60;19;2550;Spruce/fir
3234;273;35;85;27;2526;Spruce/fir
3253;273;32;108;46;2502;Spruce/fir
3271;276;27;134;64;2479;Spruce/fir
3283;282;20;162;59;2455;Spruce/fir
3292;291;14;190;68;2432;Lodgepole pine
3297;304;9;216;73;2408;Lodgepole pine
3300;319;4;242;76;2385;Lodgepole pine
3300;352;2;268;76;2362;Spruce/fir
3300;63;1;295;76;2340;Spruce/fir
3299;99;3;323;75;2317;Spruce/fir
3297;112;4;351;73;2295;Spruce/fir
3295;119;6;379;71;2272;Spruce/fir
3292;103;12;408;68;2250;Spruce/fir
3283;91;17;437;59;2228;Spruce/fir
3273;81;14;466;49;2207;Spruce/fir
3268;73;9;495;44;2185;Spruce/fir
3264;77;8;524;40;2164;Spruce/fir
3260;84;15;553;36;2143;Spruce/fir
3248;85;25;582;24;2122;Lodgepole pine
3224;78;12;577;119;2081;Lodgepole pine
3219;77;13;573;114;2060;Lodgepole pine
3211;76;14;571;106;2040;Lodgepole pine
3205;74;11;570;100;2010;Lodgepole pine
3200;77;13;571;95;1980;Lodgepole pine
3192;82;17;573;87;1950;Lodgepole pine
3182;86;19;577;77;1920;Lodgepole pine
3171;89;21;582;66;1890;Lodgepole pine
3159;92;27;589;54;1860;Lodgepole pine
3141;95;33;598;36;1830;Lodgepole pine
2407;122;13;390;17;1062;Ponderosa pine
2403;119;13;420;13;1084;Ponderosa pine
2395;114;14;446;151;1106;Ponderosa pine
2387;107;9;426;143;1129;Ponderosa pine
2382;357;10;391;125;1176;Ponderosa pine
2386;324;13;376;129;1158;Ponderosa pine
2390;2;9;339;99;1101;Ponderosa pine
2391;4;8;319;104;1072;Ponderosa pine
2392;45;7;297;105;1044;Ponderosa pine
2387;90;8;277;100;1015;Ponderosa pine
2383;121;11;258;96;987;Ponderosa pine
2376;129;16;242;92;959;Ponderosa pine
2369;143;17;228;85;930;Ponderosa pine
2366;165;16;216;82;902;Ponderosa pine
2365;183;18;201;81;875;Ponderosa pine
2368;182;21;190;92;847;Ponderosa pine
2367;168;25;162;87;819;Ponderosa pine
2363;151;29;134;83;792;Ponderosa pine
2351;142;34;108;71;765;Ponderosa pine
2337;144;34;85;57;738;Ponderosa pine
2326;149;33;67;46;711;Ponderosa pine
2317;152;32;60;37;685;Ponderosa pine
2304;131;20;60;32;633;Ponderosa pine
2296;99;16;42;20;607;Ponderosa pine
2285;77;16;30;9;582;Ponderosa pine
2277;61;13;30;1;558;Cottonwodd/willow
2279;277;22;30;9;488;Douglas-fir
2295;261;28;60;25;467;Douglas-fir
2313;250;30;90;43;446;Douglas-fir
2335;233;21;150;65;408;Douglas-fir
2353;275;21;210;83;376;Douglas-fir
2369;280;23;240;99;362;Douglas-fir
2381;268;18;270;111;351;Douglas-fir
2389;245;18;300;119;342;Douglas-fir
2398;235;20;330;128;335;Douglas-fir
2405;246;19;360;135;331;Douglas-fir
2416;268;22;390;146;330;Douglas-fir
2430;277;23;420;160;331;Douglas-fir
2442;277;19;450;172;335;Douglas-fir
2451;272;16;480;181;342;Douglas-fir
2459;268;13;480;206;351;Douglas-fir
2465;269;13;450;212;362;Douglas-fir
2260;303;19;30;7;711;Ponderosa pine
2271;302;26;42;19;738;Ponderosa pine
2268;353;16;30;2;1624;Ponderosa pine
2274;329;22;30;10;1638;Ponderosa pine
2280;332;22;30;16;1652;Ponderosa pine
2285;355;17;0;0;1667;Ponderosa pine
2280;347;13;0;0;1682;Ponderosa pine
2287;299;20;30;7;1698;Ponderosa pine
2299;292;27;60;19;1714;Ponderosa pine
2316;295;30;90;36;1731;Ponderosa pine
2332;298;33;120;52;1747;Ponderosa pine
2350;297;34;150;70;1765;Ponderosa pine
2368;293;31;180;88;1782;Ponderosa pine
2384;288;30;210;104;1800;Ponderosa pine
2400;285;31;240;120;1818;Ponderosa pine
2418;283;32;270;138;1837;Ponderosa pine
2438;281;30;295;-4;1855;Ponderosa pine
2453;284;30;268;10;1855;Ponderosa pine
2471;290;27;240;28;1844;Ponderosa pine
2484;307;14;210;41;1833;Ponderosa pine
2484;49;5;180;49;1822;Ponderosa pine
2479;95;13;150;44;1812;Ponderosa pine
2470;96;17;120;35;1802;Ponderosa pine
2460;92;14;90;25;1793;Ponderosa pine
2455;82;13;60;20;1784;Ponderosa pine
2438;65;13;0;0;1768;Ponderosa pine
2434;4;7;30;0;1761;Ponderosa pine
2438;6;7;42;6;1754;Ponderosa pine
2433;41;9;67;4;1747;Ponderosa pine
2430;343;6;85;2;1742;Ponderosa pine
2435;302;15;108;10;1736;Ponderosa pine
2445;298;21;127;26;1731;Ponderosa pine
2455;300;19;150;42;1727;Ponderosa pine
2463;293;19;170;52;1722;Ponderosa pine
2474;285;18;192;63;1699;Ponderosa pine
2483;297;13;216;72;1677;Ponderosa pine
2486;317;11;242;78;1655;Ponderosa pine
2491;335;10;268;83;1634;Ponderosa pine
2491;0;8;295;85;1612;Ponderosa pine
2491;15;9;323;89;1591;Ponderosa pine
2488;1;10;309;5;1570;Ponderosa pine
2491;324;11;283;8;1550;Ponderosa pine
2498;339;9;228;15;1510;Ponderosa pine
2499;342;9;201;16;1490;Ponderosa pine
2502;7;8;175;29;1471;Ponderosa pine
2498;55;11;150;25;1452;Ponderosa pine
2483;79;15;95;25;1416;Ponderosa pine
2474;84;17;67;16;1398;Ponderosa pine
2465;91;17;42;7;1381;Ponderosa pine
2456;94;16;30;6;1365;Ponderosa pine
2450;82;12;0;0;1348;Cottonwodd/willow
2444;23;10;0;0;1333;Douglas-fir
2450;348;20;42;14;1302;Douglas-fir
2450;347;20;67;15;1288;Douglas-fir
2454;337;22;95;17;1275;Douglas-fir
2460;349;21;85;23;1261;Douglas-fir
2459;1;20;30;8;1237;Douglas-fir
2459;349;17;0;0;1226;Douglas-fir
2462;336;16;30;11;1215;Douglas-fir
2466;332;14;60;15;1205;Douglas-fir
2468;317;12;90;17;1195;Douglas-fir
3330;7;15;120;24;4016;Krummholz
3330;357;17;90;21;4024;Krummholz
3331;354;18;60;15;4031;Krummholz
3332;356;18;30;9;4039;Krummholz
3332;357;17;0;0;4047;Krummholz
3348;315;26;42;4;4072;Krummholz
3356;336;21;67;12;4080;Krummholz
3357;351;18;95;13;4089;Krummholz
3359;341;19;124;15;4098;Krummholz
3364;356;20;153;-3;4108;Krummholz
3361;28;26;182;-6;4117;Krummholz
3350;44;33;180;97;4127;Krummholz
3334;50;34;150;81;4137;Krummholz
3319;53;32;120;66;4147;Krummholz
3304;62;33;90;51;4157;Krummholz
3266;75;29;30;13;4147;Krummholz
3253;62;16;0;0;4133;Krummholz
3251;0;11;0;0;4119;Krummholz
3253;348;18;30;7;4106;Krummholz
3255;349;22;60;12;4092;Krummholz
3258;344;20;85;20;4079;Krummholz
3261;343;16;108;28;4066;Krummholz
3263;347;15;127;34;4053;Krummholz
3265;350;16;150;32;4040;Spruce/fir
3266;353;17;162;31;4027;Spruce/fir
3267;344;17;175;31;4015;Spruce/fir
3271;333;19;182;38;4002;Spruce/fir
3277;334;21;190;47;3990;Spruce/fir
3281;338;22;201;52;3979;Spruce/fir
3286;332;26;212;59;3967;Spruce/fir
3295;334;29;218;69;3955;Spruce/fir
3301;340;31;228;75;3944;Spruce/fir
3307;340;32;242;84;3933;Spruce/fir
3314;344;33;256;92;3922;Spruce/fir
3318;338;37;268;95;3912;Spruce/fir
3331;334;39;283;108;3901;Spruce/fir
3340;339;38;295;118;3891;Spruce/fir
3116;143;15;376;103;3660;Spruce/fir
3112;145;13;350;99;3660;Spruce/fir
3108;139;13;324;95;3661;Spruce/fir
3103;130;15;300;99;3662;Spruce/fir
3096;121;16;270;92;3663;Spruce/fir
3088;104;21;240;113;3664;Spruce/fir
3074;93;27;210;99;3666;Spruce/fir
3058;87;27;180;83;3668;Spruce/fir
3043;87;33;150;68;3670;Spruce/fir
3019;88;35;120;44;3672;Spruce/fir
3000;85;23;90;25;3675;Spruce/fir
2994;77;16;60;19;3678;Spruce/fir
2984;80;16;30;8;3677;Spruce/fir
2977;74;8;0;0;3650;Spruce/fir
2976;315;4;0;0;3623;Spruce/fir
2980;302;8;30;5;3596;Spruce/fir
2983;318;7;60;8;3569;Spruce/fir
2985;335;7;90;10;3542;Spruce/fir
2986;353;6;120;3;3515;Spruce/fir
2986;349;6;150;3;3488;Spruce/fir
2987;335;7;175;4;3461;Spruce/fir
2989;308;8;201;6;3435;Spruce/fir
2994;283;14;228;11;3408;Spruce/fir
3004;282;17;256;21;3381;Spruce/fir
3012;284;19;285;29;3355;Spruce/fir
3024;284;24;313;29;3328;Spruce/fir
3038;285;27;342;43;3302;Spruce/fir
3054;291;25;371;59;3275;Spruce/fir
3064;306;18;400;69;3249;Spruce/fir
3070;311;18;430;75;3223;Spruce/fir
3079;311;20;459;38;3197;Spruce/fir
3086;313;19;488;45;3170;Spruce/fir
3094;310;18;518;51;3144;Spruce/fir
3101;300;19;497;-2;3118;Spruce/fir
3112;291;27;470;8;3092;Spruce/fir
3130;291;34;443;26;3066;Spruce/fir
3150;299;36;417;46;3041;Spruce/fir
3168;313;33;390;64;3015;Spruce/fir
3179;325;30;362;73;2989;Spruce/fir
3188;328;28;335;79;2964;Spruce/fir
3196;330;26;309;83;2938;Spruce/fir
3203;332;26;283;86;2913;Spruce/fir
3210;334;27;258;93;2888;Spruce/fir
3216;330;27;234;85;2862;Spruce/fir
3225;321;25;212;82;2837;Spruce/fir
3234;330;19;190;91;2812;Spruce/fir
3236;356;18;162;81;2787;Spruce/fir
3235;11;23;134;80;2763;Spruce/fir
3231;19;29;108;68;2738;Spruce/fir
3224;20;33;85;46;2713;Spruce/fir
3218;19;33;67;40;2689;Spruce/fir
3211;21;33;42;23;2664;Spruce/fir
3204;15;28;30;16;2640;Spruce/fir
3203;3;20;0;0;2616;Spruce/fir
3203;315;15;30;11;2592;Spruce/fir
3214;280;28;42;7;2568;Spruce/fir
3234;273;33;67;27;2544;Spruce/fir
3253;272;33;95;46;2521;Spruce/fir
3273;276;28;124;49;2497;Spruce/fir
3285;283;21;150;61;2474;Spruce/fir
3295;293;15;175;71;2451;Spruce/fir
3300;313;8;201;76;2428;Lodgepole pine
3301;342;4;228;77;2405;Lodgepole pine
3301;29;2;256;77;2382;Spruce/fir
3300;72;2;285;76;2359;Spruce/fir
3299;97;4;313;75;2337;Spruce/fir
3296;107;6;342;72;2315;Spruce/fir
3293;116;7;371;69;2293;Spruce/fir
3289;108;11;400;65;2271;Spruce/fir
3282;94;14;430;58;2249;Spruce/fir
3274;82;13;459;50;2227;Spruce/fir
3269;80;10;488;45;2206;Spruce/fir
3264;90;9;518;40;2185;Spruce/fir
3259;92;14;547;35;2164;Lodgepole pine
3249;88;24;560;144;2143;Lodgepole pine
3232;85;22;553;127;2123;Lodgepole pine
3225;81;11;547;120;2100;Lodgepole pine
3213;76;14;541;108;2040;Lodgepole pine
3206;77;12;540;101;2010;Lodgepole pine
3201;80;12;541;96;1980;Lodgepole pine
3193;83;17;543;88;1950;Lodgepole pine
3182;87;20;547;77;1920;Lodgepole pine
3171;91;22;553;66;1890;Lodgepole pine
3158;94;29;560;53;1860;Lodgepole pine
3138;96;35;569;33;1830;Lodgepole pine
3117;98;37;579;12;1800;Lodgepole pine
3094;99;38;591;-10;1770;Lodgepole pine
3071;101;37;604;-33;1740;Spruce/fir
3050;107;31;618;-54;1710;Spruce/fir
3036;115;26;631;-68;1680;Spruce/fir
3023;122;23;612;218;1650;Spruce/fir
3014;133;19;582;209;1620;Spruce/fir
3008;107;31;553;203;1590;Spruce/fir
2967;103;22;495;162;1530;Lodgepole pine
2942;103;24;437;137;1470;Lodgepole pine
2929;103;23;408;124;1440;Lodgepole pine
2917;102;21;379;112;1410;Lodgepole pine
2907;103;17;351;102;1380;Lodgepole pine
2899;110;15;323;94;1350;Lodgepole pine
2892;119;15;295;87;1320;Lodgepole pine
2885;125;15;268;80;1290;Lodgepole pine
2879;128;16;242;74;1260;Lodgepole pine
2872;130;17;216;67;1230;Lodgepole pine
2865;131;19;192;60;1200;Lodgepole pine
2857;134;19;170;52;1170;Lodgepole pine
2850;139;20;150;48;1140;Lodgepole pine
2842;140;21;120;40;1110;Lodgepole pine
2835;135;21;90;25;1080;Lodgepole pine
3021;106;7;283;71;589;Lodgepole pine
3016;110;10;256;72;582;Lodgepole pine
3010;107;13;228;66;577;Lodgepole pine
3003;103;17;201;59;573;Lodgepole pine
2993;100;22;175;53;571;Lodgepole pine
2980;102;24;150;40;570;Lodgepole pine
2967;106;23;127;27;571;Lodgepole pine
2955;111;20;108;15;573;Lodgepole pine
2946;115;14;95;6;577;Lodgepole pine
2942;122;6;85;2;553;Lodgepole pine
2941;119;2;67;2;524;Lodgepole pine
2940;104;2;42;1;495;Lodgepole pine
2939;124;2;30;0;466;Lodgepole pine
2937;180;0;60;-1;323;Lodgepole pine
2937;8;2;60;0;295;Lodgepole pine
2937;18;5;67;3;268;Lodgepole pine
2936;5;8;85;5;242;Lodgepole pine
2936;342;8;85;0;216;Lodgepole pine
2937;321;6;67;0;192;Lodgepole pine
2939;319;5;60;2;170;Lodgepole pine
2941;332;4;67;4;150;Lodgepole pine
2941;63;2;85;4;134;Lodgepole pine
2939;99;5;108;2;124;Lodgepole pine
2936;87;5;134;0;120;Lodgepole pine
2934;49;5;162;-4;124;Spruce/fir
